ADRESA,x,y
"Generála Svobody 603/75, Liberec",15.0507091,50.7845461
"Hlavní, Frýdlant nad Ostravicí",18.3596017,49.58666580000001
"Milady Horákové 24, České Budějovice",14.440706,48.9801903
"17.listopadu, Týniště nad Orlicí",16.0795109,50.1466958
"tř. 1. máje 553/2, Břeclav",16.8693374,48.7537145
"Plovdivská 3426/7, Praha",14.4184211,50.0065295
"Tkalcovská 350, Česká Třebová",16.4396792,49.90283909999999
"Mazancova 3058/2, Praha",14.4201865,50.013092
"Křejpského 1752/2, Praha",14.5150997,50.02562700000001
"Dělnická, Praha",14.4499482,50.1032518
"Tilleho nám. 793/1, Praha",14.3777231,50.0345045
"Jeremiášova 1239/7a, Praha",14.3146841,50.0427513
"Lodžská 814/24a, Praha",14.4217958,50.1306732
"Archeologická 2256/1, Praha",14.3315592,50.044064
"Budějovická 1667/64, Praha",14.4491012,50.0437773
"Černokostelecká 1919/12, Říčany",14.654039,50.0056611
"Meziříčská 2306, Rožnov pod Radhoštěm",18.1305929,49.460136
"Švermova 362, Liberec",15.0348126,50.7610712
"Patrice Lumumby 2444/1, Ostrava",18.228076,49.7882368
"Brněnská 241, Nové Město na Moravě",16.0780975,49.5618823
"Masarykova 2051, Havlíčkův Brod",15.5750953,49.6051833
"Srbská 2653/51, Brno",16.5858367,49.229162
"Havlíčkova 4821/13, Jihlava",15.5876542,49.4010066
"Sofijská 2/3, Děčín",14.1931848,50.7724184
"Chrudimská 1671, Čáslav",15.3959549,49.9099251
"Kleinerova 112, Kladno",14.0969065,50.1442521
"Majerova 2525/7, Plzeň",13.3740478,49.7278229
"Poličská 1561, Hlinsko",15.9185646,49.7680385
"Šimůnkova 1625/1, Praha",14.47027,50.1330331
"Freyova 945/33, Praha",14.5015537,50.1097281
"náměstí Generála Píky 2703/27, Plzeň",13.4011848,49.7322596
"Hornoměstská 370/51, Velké Meziříčí",16.0054023,49.3560538
"Jablonecká, Praha",14.4956607,50.1233031
"Dukelská brána 25/7, Prostějov",17.1128039,49.4722804
"Svobody 2094/6, Cheb",12.3714563,50.077243
"Letenské nám. 38/7, Praha",14.4237978,50.100249
"V olšinách 3140/108, Praha",14.4970484,50.0724496
"Českobrodská 920, Praha",14.5787298,50.0852502
"Karlovo náměstí 1999, Náchod",16.1647465,50.4179191
"Lorecká 655, Kutná Hora",15.2707938,49.954439
"Průmyslová 1128, Hořice",15.626599,50.3658756
"Piaristická 21/6, České Budějovice",14.4731665,48.97539399999999
"Vysočanská 382/20, Praha",14.4991532,50.1194637
"Čsl. armády 906, Trutnov",15.9071199,50.5639733
"Kratochvílova 1991, Roudnice nad Labem",14.2547264,50.4212999
"Vodičkova 710/31, Praha",14.4242457,50.0813565
"Tř. 1. máje 1280, Přeštice",13.327978,49.5823358
"Chaloupky 585, Veselí nad Moravou",17.3862941,48.9524397
"Plaská 1265/7, Plzeň",13.3807894,49.7784585
"Sedláčkova 2557/4, Brno",16.6678034,49.2019639
"Papírnická 2570/3, Plzeň",13.3867275,49.73673729999999
"Petra Hrubého 285, Slaný",14.0713909,50.2298333
"Karlštejnská 1054, Černošice",14.3217009,49.959159
"Kpt. Nálepky 2397, Tábor",14.6505911,49.4202528
"Příčná 1263/4, Litovel",17.0717369,49.6989743
"Tyršovo nábřeží 596, Ledeč nad Sázavou",15.2741173,49.6943853
"Evropská 695/73, Praha",14.3593965,50.0973796
"Průběžná 2271, Pelhřimov",15.2266745,49.4294888
"Ruská 1919/7, Bruntál",17.4623345,49.9870738
"Krčínova 809/11, Ústí nad Labem",14.0729442,50.668437
"sídl. Vajgar 730, Jindřichův Hradec",15.0160412,49.1376126
"Budějovická 356/1a, Praha",14.4437129,50.0503344
"Dlouhá třída 860/1a, Havířov",18.4318103,49.7806975
"Krokova 649/30, Karlovy Vary",12.8974144,50.2349074
"Legionářská 2989, Dvůr Králové nad Labem",15.8170618,50.4319465
"Pražská 459, Lety",14.2607181,49.9248915
"Purkyňova 2136/59, Svitavy",16.4669957,49.75413349999999
"Pořádí 2283, Uherský Brod",17.6514777,49.0250449
"Za Panskou zahradou 1018/1, Rudná",14.2096677,50.0222989
"J. Opletala 926/20, České Budějovice",14.4464576,48.98201359999999
"Jeronýmova 1750/21, České Budějovice",14.4816718,48.9739192
"Dobnerova 1195/27, Olomouc",17.2335486,49.5909075
"Kubíčkova 1080/6, Brno",16.5185146,49.220804
"Kratochvílova 2658, Roudnice nad Labem",14.2613563,50.4195933
"U Vodárny 823, Nový Bor",14.5570474,50.7699229
"Lodžská 850/6, Praha",14.4175862,50.1276569
"Platanová 596, Benátky nad Jizerou",14.8227997,50.28400449999999
"Komenského náměstí 2771, Louny",13.8029162,50.3562476
"nám. 3. května 1301, Otrokovice",17.5361202,49.2068251
"Bělohorská 228/101, Praha",14.3667121,50.0839216
"Masarykova 1538/3, Hořovice",13.8947326,49.8365255
"Čs. armády 3189, Kladno",14.0888395,50.143387
"Horní Brašov 759, Týn nad Vltavou",14.4199071,49.2239012
"Na Petřinách 1945/55, Praha",14.3449887,50.0879503
"Pionýrů 2025, Sokolov",12.6490661,50.1825173
"Mařákova 1198, Litomyšl",16.3108728,49.8674352
"Na hrázi 177/4, Praha",14.4736871,50.1051009
"Řetězová 1368/15, Děčín",14.21116,50.7809459
"nábř. Dr. Beneše 2509, Rakovník",13.7410457,50.09888540000001
"Kosmonautů 2109/7, Zábřeh",16.8741913,49.8799656
"Bezručova 651/6a, Jeseník",17.2061611,50.2371674
"Alejní 3198, Teplice",13.8213971,50.6365799
"Vosátkova 285/1, Praha",14.4372262,50.015001
"Wilsonova 300/8, Praha",14.4350214,50.0832387
"Jeremiášova 486/1, Olomouc",17.2477159,49.5759392
"Opavská 1927/23a, Hlučín",18.1834284,49.897852
"Velehradská třída, Uherské Hradiště",17.462898,49.0705417
"Bezručova 2246/31a, Krnov",17.6888737,50.0925202
"Seifertova 160, Kolín",15.1970381,50.0234209
"Divišova 1500, Žamberk",16.462059,50.0859616
"Nádražní 2329/19, Šternberk",17.2884003,49.720119
"Aviatická 1017/2, Praha",14.2675658,50.1077261
"Bílinská 3490/6, Ústí nad Labem",14.0410872,50.6586656
"Okružní 5290, Zlín",17.6674213,49.2357249
"Rooseveltova 46, Chrudim",15.7897699,49.9488479
"náměstí Míru 174, Zlín",17.6681534,49.226558
"Chomutovská 1316, Most",13.6329122,50.5015549
"Vlasákova 1830, Vlašim",14.8998534,49.7097445
"Hornoměcholupská 492, Praha",14.5669626,50.0413828
"Vavřenova 1172/12, Praha",14.4274107,50.0243279
"Mánesova 2159, Tachov",12.6341411,49.7987706
"Staroměstská 3290, Frýdek-Místek",18.3570647,49.67798879999999
"Kolaříkova 1497/1, Brno",16.5814579,49.2473002
"Terezínská 1120, Lovosice",14.0608702,50.5114684
"Spálená 2121/22, Praha",14.4197997,50.080107
"Pražská 2643/72, Znojmo",16.0380838,48.8658648
"Na Kasárnách 1632, Humpolec",15.3537221,49.5426996
"Rorejcova 906, Kolín",15.2093322,50.0257091
"Podkrušnohorská 1725, Litvínov",13.6266337,50.6084943
"Resslova 1810, Kraslice",12.5061535,50.3307185
"Bělehradská 350/50, Praha",14.4328194,50.0687912
"Otáhalova 3157, Varnsdorf",14.6247845,50.91011210000001
"Marxova 136/21, Moravská Třebová",16.6619063,49.7594648
"Obchodní 113, Čestlice",14.5765993,50.0022202
"Žacléřská 1040/1, Praha",14.5503263,50.1321563
"Sokolovská 1959, Čelákovice",14.7435603,50.1600937
"F. S. Tůmy 1331, Orlová",18.4361518,49.8778397
"Křídlovická 911/34, Brno",16.602053,49.1854489
"Plzeňská 230, Beroun",14.059348,49.95726759999999
"tř. Václava Klementa 1459, Mladá Boleslav",14.9154608,50.4202598
"Havlíčkova 4797/12, Jihlava",15.5889826,49.4003684
"Skupova 490/24, Plzeň",13.3730021,49.7232113
"Masarykova 1612, Holešov",17.585964,49.3284852
"Milínská 134, Příbram",14.0086464,49.6863119
"náměstí Svobody 702/9, Brno",16.6092161,49.1948363
"náměstí Republiky 1400, Pardubice",15.7764469,50.0379401
"Karlovo náměstí 2097/10, Praha",14.4187858,50.0754072
"Sokolovská 69/14, Praha",14.440054,50.0911535
"Nádražní 1514, Milevsko",14.3663488,49.44641679999999
"Kojetická 1022, Neratovice",14.5207296,50.2537949
"Stránského 3033/28, Brno",16.5679193,49.21239689999999
"Koněvova 188/30, Praha",14.4569821,50.0877775
"Nádražní 172, Klatovy",13.2876174,49.3986305
"Arménská, Kladno",14.1376438,50.1343797
"Vnoučkova 1699, Benešov",14.6882711,49.7834367
"Ladova 3325/2a, Ústí nad Labem",14.0278333,50.6784784
"Plzeňská 1700/9, Děčín",14.1990999,50.7729102
"Radimova 2322/40, Praha",14.3661864,50.08785049999999
"Husova 398, Moravské Budějovice",15.8127492,49.0497355
"Hynaisova 554/11, Olomouc",17.2456702,49.597325
"Husova 452, Vysoké Mýto",16.1621943,49.94437629999999
"Plumlovská 4210/104, Prostějov",17.0912149,49.4730494
"Republikánské obrany 916/7, Mikulov",16.631514,48.8003524
"Talichova 4312/39, Kroměříž",17.3958737,49.28680629999999
"Žatecká 987, Podbořany",13.414478,50.2339573
"Benešova třída 1304, Nýřany",13.2202603,49.7166508
"Ringhofferovo náměstí 550, Kamenice",14.5858613,49.90397919999999
"Makovského náměstí 2574/1, Brno",16.5764408,49.2185303
"Studentská 1926, Hranice",17.7295199,49.5514681
"Podpěrova 518/6, Brno",16.5840677,49.2384987
"Hrdinů odboje 1606, Rychnov nad Kněžnou",16.2834121,50.1577768
"Kopaniny, Přerov",17.4486034,49.4600247
"Fr. Křižíka 505, Tábor",14.6645237,49.4130581
"Hráského 2231/25, Praha",14.4907671,50.0288554
"Jankovcova 1603/47a, Praha",14.455057,50.1066973
"Pražská 1204, Kostelec nad Černými lesy",14.846537,49.9926701
"Zborovská 5342, Chomutov",13.412508,50.4647487
"Na Rybníčku 874/1, Liberec",15.0512017,50.7655077
"Žukovského 888/2, Praha",14.3092587,50.0907215
"Svitavská 1146/16, Blansko",16.6410213,49.3285638
"tř. 17. listopadu 23/2, Karviná",18.5412803,49.85624989999999
"náměstí Svornosti 2573/6, Brno",16.5816527,49.2152572
"Rybniční 2744, Aš",12.1912779,50.2213
"Smila Osovského 199/3, Třebíč",15.8837969,49.2154925
"Na Příkopě 3162, Frýdek-Místek",18.3496778,49.681517
"T. G. Masaryka 2023/10, Karlovy Vary",12.8722556,50.22952129999999
"Na Pastvisku 1571/5, Opava",17.9080265,49.9482846
"Skuteckého 49/3, Praha",14.3105154,50.0653133
"Vrážská 1507, Praha",14.3656492,49.9853691
"Jugoslávských partyzánů 1580/3, Praha",14.3945952,50.1041991
"Siemensova 2716/2, Praha",14.3059722,50.0480356
"Potoční 629/13, Vejprty",13.0315028,50.4989344
"Pekárenská 2783/39, České Budějovice",14.4808581,48.9827711
"Sedlecká 599, Sedlčany",14.4281482,49.6536382
"náměstí Republiky 43, Kolín",15.1970288,50.0275819
"Poštovní 2891/11, Jablonec nad Nisou",15.1661688,50.7238463
"Jablunkovská 836/10, Český Těšín",18.6209888,49.7430903
"Masarykovo náměstí 3090/15, Ostrava",18.2929388,49.836575
"Kounicova 966/67a, Brno",16.5933568,49.2099081
"nám. F. Křižíka 505/23, Tábor",14.6645237,49.4130581
"Křenová 273/73, Brno",16.6256224,49.1913601
"Krkonošská 647, Tanvald",15.3086944,50.7363064
"Husova 1058, Jičín",15.3629909,50.4352565
"Sokolovské náměstí 1557, Přelouč",15.5555511,50.0393374
"Modletice 67, Modletice",14.6055309,49.97688669999999
"Okružní 855/33, Brno",16.6221052,49.23414649999999
"Počernická 272/96, Praha",14.5095611,50.0829356
"Mánesova 1948, České Budějovice",14.4724813,48.96781679999999
"Na Ohradě 2, Strakonice",13.9079565,49.25893790000001
"Háj 358, Kralice na Hané",17.1440815,49.4909052
"Jiráskova 67, Rokycany",13.5950781,49.7406085
"Nádražní 1310, Strakonice",13.9141333,49.2557158
"Lidická 3047/50, Šumperk",16.9846871,49.9649592
"Táborská 111/1, Třebíč",15.8714399,49.223707
"V celnici 1031/4, Praha",14.4300736,50.0878856
"Korunní 810/104, Praha",14.456312,50.07533970000001
"Palachova 1404, Liberec",15.0600472,50.7688122
"Krkonošská 16, Vrchlabí",15.6094974,50.6285138
"8. května 465/24, Olomouc",17.2501507,49.59528599999999
"Studentská 1651, Turnov",15.1384814,50.5885318
"9. května 155, Bohumín",18.3528796,49.8996951
"Žarošická 4292/30, Brno",16.6643918,49.20608379999999
"Lhotecká 2109/2d, Praha",14.4303416,50.01554609999999
"Dr. E. Beneše, Česká Třebová",16.4409814,49.9101424
"Urbinská 236, Český Krumlov",14.3300958,48.8241173
"Rovná, Boskovice",16.6414495,49.4890005
"Stolařská 1758, Veselí nad Moravou",17.3846272,48.9511517
"Jateční 5156/4, Jablonec nad Nisou",15.1586171,50.7153003
"Podbabská, Praha",14.3928234,50.11589050000001
"Jiráskova, Litvínov",13.61856,50.5995295
"Výškovická 3086/44, Ostrava",18.2306234,49.80027219999999
"Italská 50, Kladno",14.1166451,50.1311561
"Dukelských bojovníků 3632/156, Znojmo",16.0643098,48.8371659
"U stadionu 1276, Mladá Boleslav",14.9122695,50.42494720000001
"Bělehradská 628, Pardubice",15.7612465,50.0475712
"Na Sádkách 1444, České Budějovice",14.4627332,48.9737515
"Sokolská 5300, Zlín",17.6862948,49.2373483
"Grmelova 2032/2, Ostrava",18.2484978,49.836296
"Obchodní zóna 260, Otvice",13.4444537,50.4845952
"Před Tratí 891/2, Havířov",18.4424035,49.7874813
"Okružní 4262/10, Prostějov",17.1178733,49.46243
"Okružní 3368/7, Ústí nad Labem",14.0206331,50.6629123
"Vítězná 2886/6, Šumperk",16.9752316,49.9741513
"Bohosudovská 1882, Teplice",13.8473064,50.65592650000001
"Polní 604/29, Liberec",15.0381461,50.7829938
"Oblouková 1395/4, Děčín",14.2165766,50.7748959
"Horská 647, Trutnov",15.8906125,50.5836121
"Obvodová 3310/13a, Kroměříž",17.4054443,49.2920196
"Katovická 1306, Strakonice",13.8913211,49.2638647
"Volgogradská 2972, Tábor",14.6878474,49.3936251
"B. Martinů 2097/30, Nový Jičín",18.0019605,49.58581909999999
"Lochotínská 1108/18, Plzeň",13.3769457,49.75391
"Leonovova 2015/2, Karviná",18.5537146,49.8633106
"U plynárny 1432/64, Praha",14.4664806,50.05673160000001
"Konečná 4010/4, Hodonín",17.138204,48.8569362
"Pod hranicí 1304/17, Praha",14.3355118,50.0520937
"Polská 6191/21, Ostrava",18.1895767,49.8203478
"Polská 379, Náchod",16.1914783,50.4239245
"Štefánikova 1410/18d, Kopřivnice",18.1485374,49.6006489
"Kamenice 745/1, Brno",16.5820282,49.173967
"U Kostela 4754/37, Jablonec nad Nisou",15.1685306,50.7389312
"U Nákladního nádraží 848, Valašské Meziříčí",17.9645336,49.4770402
"Na Průtahu 1960, Kadaň",13.2754581,50.38349359999999
"Pilnáčkova 436/11, Hradec Králové",15.8391955,50.2174985
"Revoluční 3470, Frýdek-Místek",18.347866,49.68739979999999
"Šumavská 782, Klatovy",13.2947593,49.388082
"Jasenická 311, Vsetín",18.0061987,49.3321105
"Na Kocandě 2201/35, Litoměřice",14.14601,50.5364561
"Kadaňská 3034, Žatec",13.5290819,50.32353879999999
"Vítkovická 3278/3, Ostrava",18.2806238,49.82886999999999
"Tyršovo nábřeží 5496, Zlín",17.6621286,49.2294969
"Červené Vršky 2217, Benešov",14.6828334,49.7938148
"Dvořákova 4115/6, Hodonín",17.1181036,48.8532638
"Obchodní 250, Beroun",14.0605227,49.9565898
"Slovenského národního povstání 1081, Chrudim",15.8105962,49.9476391
"Jarošova 1234/2, Znojmo",16.0554639,48.860372
"Ouvalova 1844, Slaný",14.0888791,50.2273658
"Riegrova 1148, Jičín",15.3554956,50.4320499
"U Stadionu 1640/1, Havířov",18.4448722,49.771669
"9. května 1197, Bohumín",18.3504202,49.8992547
"Bělohorská 2428/203, Praha",14.3411489,50.0778398
"Sukova 2895/23, Plzeň",13.3623887,49.7280785
"17. listopadu 3111, Dvůr Králové nad Labem",15.817649,50.427405
"Leštinská 2336/2, Zábřeh",16.8870743,49.87602589999999
"Na Řadech 2347/1, Blansko",16.6429651,49.3704744
"Štursova 1124/3, Olomouc",17.2718849,49.5884452
"Průmyslová 2565, Písek",14.1260801,49.3215764
"Sportovní 594/21, Brno",16.6042092,49.2153435
"Bubeníčkova 4405/1, Brno",16.6369526,49.2029823
"tř. Práce 1960/1, Bruntál",17.4634519,49.9814827
"Ostravská 2030/77, Český Těšín",18.6075874,49.7465556
"Pivovarská 700, Domažlice",12.9268069,49.442769
"Bělohradská 3855, Havlíčkův Brod",15.5859417,49.6015004
"Družstevní 2034, Hranice",17.7409354,49.5577489
"Pivovarská 2396/21, Cheb",12.3803218,50.0779747
"Nádražní 2376, Žďár nad Sázavou",15.9388874,49.5584859
"Mimoňská 3090, Česká Lípa",14.5409665,50.680746
"Všebořická 389, Ústí nad Labem",13.9947203,50.6845101
"B. Egermanna 881, Nový Bor",14.5479776,50.7634729
"Alej 17. listopadu 2720, Roudnice nad Labem",14.246123,50.4238356
"Dr. E. Beneše, Otrokovice",17.5343431,49.2011773
"Štemberkova, Rychnov nad Kněžnou",16.2788507,50.1551218
"Olomoucká, Opava",17.8810743,49.93394989999999
"Mostecká, Chomutov",13.4247645,50.4673333
"Jeníkovská 1983, Čáslav",15.4024301,49.9034686
"Olomoucká 4619/120, Prostějov",17.1232387,49.4843773
"Okružní 1430, Orlová",18.4293497,49.8779646
"Družstevní ul., Mohelnice",16.9358833,49.77343
"Krumlovská 1103, Prachatice",14.0073708,49.004377
"Svatoborská 1379/104, Kyjov",17.1156845,49.0051818
"U Tržiště 2204, Velké Meziříčí",16.0225126,49.3482312
"Fučíkova 1342/3, Jeseník",17.1983506,50.2254887
"Romana Havelky 4842/1a, Jihlava",15.582541,49.4065461
"Jáchymova 903, Jindřichův Hradec",15.021366,49.1437901
"Sokolovská 1019/148, Karlovy Vary",12.8413655,50.2333823
"Benešova 1000, Kolín",15.1853186,50.02146519999999
"Opavská 1132/14, Krnov",17.7077038,50.08732020000001
"Ortenova 188, Kutná Hora",15.2837442,49.96091819999999
"Dr. Milady Horákové 586/90, Liberec",15.0556022,50.7517986
"Václava Majera 2898, Louny",13.8159108,50.353226
"Chebská 713/16a, Mariánské Lázně",12.6975899,49.9655332
"Klášterní 3630, Mělník",14.4748285,50.3582192
"Kabátnická 1701/2, Most",13.6468351,50.5120093
"Kolínská 2507, Nymburk",15.0443893,50.1773655
"Hlučínská, Opava",17.9253725,49.944724
"S. K. Neumanna 2819, Pardubice",15.7789178,50.02616
"Pražská 2276, Pelhřimov",15.2114831,49.4392911
"V třešňovce 232/2, Praha",14.4996718,50.0928301
"Střelničná 2270/46, Praha",14.482283,50.1275209
"Voctářova 2401/8, Praha",14.4683455,50.10205329999999
"Lipnická 2936/4, Přerov",17.4458397,49.4642105
"Husova 622, Příbram",13.9976442,49.6926828
"Josefa Růžičky 1226, Rokycany",13.6002639,49.7389471
"Karla Havlíčka Borovského 2087, Sokolov",12.6749253,50.1766443
"Antonína Slavíčka 892/1, Svitavy",16.4781616,49.7529732
"Brněnská 360, Třebíč",15.895059,49.2147941
"Města Mayen 1496, Uherské Hradiště",17.4740585,49.0710992
"Vlčnovská 2514, Uherský Brod",17.6420052,49.0215989
"Cukrovarská 492/4, Vyškov",16.9941755,49.2748267
"Blanická 1831, Vlašim",14.8938823,49.7042126
"Na Baních 1475, Praha",14.3810003,49.9634121
"Mladoboleslavská 3617, Mělník",14.4915675,50.34860949999999
"Dukelských hrdinů 1640, Kladno",14.1052899,50.1468864
"Benešova 1530, Stříbro",12.9959959,49.75456089999999
"Díly VI 5478, Zlín",17.6932228,49.2253134
"Na poříčí 1068/23, Praha",14.4339121,50.0903159
"Tovární 1173, Lovosice",14.0449833,50.5132203
"Sklářská 584, Vimperk",13.7875835,49.0571334
"Spojovací 376, Bílina",13.6254857,50.51170159999999
"Krkonošská 658, Tanvald",15.3065689,50.73607459999999
"Ústecká 1933, Děčín",14.2015416,50.7721361
"Brněnská 471/11, Vyškov",16.9921969,49.2738071
"17. listopadu 1431, Orlová",18.4443001,49.8631232
"Lidická 156, Třinec",18.6657058,49.67707979999999
"Nádražní 586, Semily",15.3279051,50.6016156
"Kolínská 1701/30, Nymburk",15.0448387,50.1783621
"Budějovická 1143, Jesenice",14.5171853,49.96567959999999
"Kapitána Jaroše 836/66, Svitavy",16.4785504,49.7439861
"Adámkova třída 1647, Hlinsko",15.9141131,49.76420760000001
"Písečná 5583, Chomutov",13.446422,50.4891938
"Trocnovská 663, Trhové Sviny",14.6297576,48.8438025
"Víta Nejedlého 1083/14, Hradec Králové",15.8584861,50.2135306
"Žižkova 3745, Havlíčkův Brod",15.5993473,49.6069989
"Průmyslová 897, Železný Brod",15.2494879,50.640221
"1. máje 914/19, Mohelnice",16.9301649,49.7752278
"Vratislavická 1098/22, Liberec",15.0707438,50.747757
"Křičkova 1555, Nové Město na Moravě",16.0800695,49.5678239
"Revoluční třída 221, Nový Bydžov",15.4879617,50.2343051
"Hradecká 1180, Holice",15.981948,50.07295970000001
"Velehradská 451/4b, Kroměříž",17.3903966,49.2922314
"Dvořákova 4054/10, Hodonín",17.1204008,48.8519995
"Vršovická 1525/1a, Praha",14.4446964,50.0668936
"Brněnská 1587/65, Moravská Třebová",16.6580652,49.7514286
"Brněnská 1342, Rosice",16.4032628,49.1837335
"tř. Masarykova 170, Veselí nad Moravou",17.3855537,48.9552018
"Plzeňská 724, Beroun",14.0465806,49.9524911
"Kostelecká 257, Neratovice",14.533065,50.2492534
"Sokolovská 2126/5, Nový Jičín",18.010042,49.59784020000001
"K Vořechu 1494, Mnichovo Hradiště",14.9713217,50.5161464
"Plhovská 2066, Náchod",16.1673189,50.4191081
"Průmyslová 570, Týn nad Vltavou",14.4198927,49.21732429999999
"Chebská 836/23a, Mariánské Lázně",12.6938633,49.9634886
"Napajedelská 1809, Otrokovice",17.5364284,49.1986623
"28. října 1607/16, Mikulov",16.6278133,48.8057908
"Hradecká 127, Vysoké Mýto",16.1516745,49.9568046
"Uhříněveská 850, Průhonice",14.5660855,50.0044041
"Karla Havlíčka Borovského 2145, Sokolov",12.6753696,50.1751504
"Ouvalova 427, Slaný",14.0894332,50.2283203
"Okružní 1339/12, Rýmařov",17.2724875,49.9303636
"Hviezdoslavova 1288/2, Brno",16.6692291,49.1825457
"Slánská 1699/1a, Praha",14.3111475,50.0743142
"Čimická 831/43, Praha",14.42996,50.13220099999999
"Tyršova 1731/66, Kuřim",16.5471632,49.2962953
"Osecká 1525, Duchcov",13.7469223,50.6071807
"Zálužská 1120, Třemošná",13.3889356,49.8170604
"kpt. Jaroše 1954, Kadaň",13.2714713,50.3838315
"Těšínská 2912/36, Opava",17.914094,49.9340268
"Záměstí 1739, Choceň",16.221533,50.0031182
"U Nádraží 1233/4, Havířov",18.4123228,49.7926584
"Vladycká 1532/2, Praha",14.52668,50.0535934
"Kolbenova 956/27a, Praha",14.5369131,50.1098264
"Štefánikova 1409/18c, Kopřivnice",18.1482689,49.6000857
"Americká 2768, Kladno",14.1135398,50.12970079999999
"Nádražní 2445/33, Šternberk",17.2880678,49.721436
"tř. 1. máje 3255/2, Břeclav",16.8693374,48.7537145
"Jiráskova 1569, Rychnov nad Kněžnou",16.2711996,50.16599009999999
"Chomutovská 211, Klášterec nad Ohří",13.1712929,50.3844613
"Soběslavská 3069, Tábor",14.6874989,49.397218
"17. listopadu 6225/74, Ostrava",18.163343,49.829675
"Letná 641/59, Liberec",15.0412153,50.7811988
"Zámecká 186, Doksy",14.6496685,50.5647574
"Lhotecká 444/3a, Praha",14.4246237,50.0153878
"Tovární 112, Český Krumlov",14.3345393,48.8349292
"Sedlecká 1170, Sedlčany",14.4260519,49.6534288
"Sjízdná 1157/1, Ostrava",18.1986881,49.82594400000001
"Celní 1461/2, Hlučín",18.1832259,49.8975601
"Meziříčská 2302, Rožnov pod Radhoštěm",18.1328317,49.4602415
"Nábřeží 5428, Zlín",17.6543241,49.22790699999999
"Popradská 1510, Ústí nad Orlicí",16.4044307,49.9775552
"Hněvkovského 700/65b, Brno",16.6255579,49.1716451
"V korytech 1535/65, Praha",14.4932691,50.0639773
"Českobrodská 200/23, Praha",14.5137867,50.0930811
"Výstupní 3422/2a, Ústí nad Labem",14.0480752,50.6733932
"M. R. Štefánika 2991/30, Šumperk",16.9763925,49.96065609999999
"Hornoměcholupská 576, Praha",14.5669626,50.0413828
"Obchodní 877, Soběslav",14.7127854,49.2637957
"Plzeňská 1031, Rokycany",13.5928926,49.7380972
"Americká 336/44, Františkovy Lázně",12.3468536,50.1274216
"Zahradní 1463, Frýdlant",15.0826713,50.920466
"Palackého třída 2980/152, Brno",16.5916679,49.2304974
"Riegrova 2221, Hořice",15.6463308,50.3691275
"Postoloprtská 2786, Louny",13.7756438,50.3558434
"U Knihovny 1174, Jindřichův Hradec",15.0105771,49.1511276
"Hálkova 1647, Humpolec",15.3556569,49.5390448
"Újezd 2169/19, Prostějov",17.1189478,49.4708147
"Dukelská, Opava",17.8887748,49.9371628
"Opatovská 960/20, Praha",14.5328482,50.0306141
"Českomoravská 930/22, Praha",14.4994973,50.1018587
"Zeyerova 1932/11, Bruntál",17.4548565,49.9879943
"Pražská 824, Česká Kamenice",14.4217029,50.79931819999999
"Jičínská 1369, Mladá Boleslav",14.9336144,50.4119148
"Karlovarská 1207, Nové Strašecí",13.8956546,50.1575441
"Lorencova alej 1091, Lanškroun",16.6098904,49.9092564
"Bayerova 792/23, Brno",16.6011868,49.2075359
"Okružní 881/7, Brno",16.6245452,49.2217206
"Studentská 2215/2, Žďár nad Sázavou",15.9416352,49.56520709999999
"V Štíhlách 226, Praha",14.4535098,50.0193682
"Sadová 918, Planá",12.7335748,49.8660471
"Tupolevova 722, Praha",14.501261,50.1337239
"Jugoslávská 3139/30, Ostrava",18.243818,49.8040461
"Koněvova 1962/111, Praha",14.4708458,50.0912601
"Revoluční 958/49, Krnov",17.6927081,50.0877577
"Riegrova 1149, Jičín",15.3573527,50.4319358
"Šunychelská 1232, Bohumín",18.3578313,49.9088632
"Lánovská 1545, Vrchlabí",15.6181939,50.62029380000001
"Nádražní 172, Holýšov",13.1019909,49.5984863
"Hartenberská 2533/2, Praha",14.5905816,50.1097531
"Novosibřinská 2227, Praha",14.671298,50.07420639999999
"Červeňanského 2723/29, Praha",14.3339808,50.04041910000001
"Nová 1992, Hranice",17.7473596,49.558644
"Vídeňská 281/77, Brno",16.5961732,49.1788605
"Jiráskova 5201/66, Jihlava",15.5756768,49.4027805
"Gerská 2070/1, Plzeň",13.3648634,49.7729264
"Znojemská 1382, Třebíč",15.884946,49.2035979
"Hrádecká 1261, Sušice",13.5216414,49.2403276
"Suchdolská 934, Horoměřice",14.3457568,50.1414114
"Vojtíškova 1783/2, Praha",14.4926359,50.0254585
"Havlíčkovo nám. 1399/15, Rudná",14.2308053,50.0343526
"Pražská 1005, Kolín",15.1837425,50.0309985
"Velkomoravská 488/29, Olomouc",17.2483419,49.5822317
"Bělehradská 548, Pardubice",15.7612465,50.0475712
"Holešovská 31, Bystřice pod Hostýnem",17.6491719,49.3835428
"Wolkerova 5546, Chomutov",13.4079405,50.4609126
"Palackého třída 2760, Pardubice",15.7503473,50.0327223
"Čsl. armády 488, Hostivice",14.2546049,50.0807464
"K Barrandovu 1139/3, Praha",14.3835375,50.03271909999999
"Otakara Kubína 2339, Boskovice",16.6483744,49.4917387
"Na Kamenci 2148, Turnov",15.1557522,50.5804011
"Alej 17. listopadu 2692, Roudnice nad Labem",14.2460733,50.4230689
"Horymírova 3450, Frýdek-Místek",18.3628552,49.6841122
"Kamýcká 2273, Litoměřice",14.1165667,50.5420725
"Nerudova 267/28, Kyjov",17.1240138,49.0070542
"Novosedlická 3216, Teplice",13.821808,50.6470658
"Pražská 1659, Dobříš",14.1846677,49.7883532
"Krumlovská 9, Prachatice",14.001008,49.0103848
"B. Němcové 2148, České Budějovice",14.4714807,48.96772
"Východní 2063, Staré Město",17.4561299,49.07728110000001
"Dukel. hrdinů 2664, Rakovník",13.7144341,50.107298
"Veltruská 808, Kralupy nad Vltavou",14.3193643,50.2521992
"Palackého 1357, Napajedla",17.5159239,49.1758149
"B. Egermanna 851, Nový Bor",14.5407484,50.7660265
"Vejprnická 1157/32, Plzeň",13.3401688,49.744228
"Rožnovská 864, Valašské Meziříčí",17.9803467,49.4777087
"Dolní Kamenná 1025/8, Karlovy Vary",12.8489165,50.2319411
"Lipnická 3253/1c, Přerov",17.4403162,49.4625866
"Frýdlantská 2197, Frýdek-Místek",18.3488218,49.6667542
"Pražská 396/23, Rumburk",14.5588118,50.9449903
"Jana Kouly 1369, Český Brod",14.8631276,50.0725582
"Zahradní 1052, Kosmonosy",14.923961,50.4333535
"Olbrachtova 1946/64, Praha",14.4490136,50.0446136
"K Jatkám 1275, Blatná",13.883344,49.4222416
"Na slupi 2102/2b, Praha",14.4225208,50.0665276
"Všebořická 359/51, Ústí nad Labem",13.9960076,50.6834517
"Hradecká 952, Jaroměř",15.9077072,50.3460298
"Lazecká 49/33, Olomouc",17.2515542,49.6027196
"Krajířova 16, Dačice",15.43831,49.0827099
"Jablunkovská 2021/54, Český Těšín",18.6200458,49.7338516
"Masarykova 1649, Holešov",17.5859341,49.3287628
"Československé armády 2151/30, Zábřeh",16.8837999,49.8774232
"Pražská 505, Lety",14.2576433,49.9233612
"Anenská 4511/27, Prostějov",17.0906676,49.469622
"Sladovní 113/1, Olomouc",17.2779204,49.60335689999999
"Doudlevecká 2834/67a, Plzeň",13.379024,49.7344079
"Obchodní 1446, Ostrov",12.9410711,50.3121233
"Přímětická 3658/66, Znojmo",16.0437544,48.8667154
"Pražská, Nehvizdy",14.7267955,50.1304347
"Tř. Maršála Malinovského 436, Uherské Hradiště",17.4646042,49.0581782
"Chrudimská 1773, Čáslav",15.4017591,49.9121412
"Revoluční 1336, Nýřany",13.2023837,49.7133634
"Moravská 2114, Tachov",12.6357547,49.8024601
"Generála Klapálka 798, Vsetín",18.0011079,49.3276836
"Kpt. Jaroše 3047, Tábor",14.6507874,49.4191535
"Evropská 337, Příbram",14.0058756,49.69511379999999
"Trnkova 2772/121, Brno",16.6679555,49.20048329999999
"Lípová 664/2, Liberec",15.0592978,50.7654818
"Budišovská 1010, Vítkov",17.7457139,49.77740989999999
"Na Okrouhlíku 1707/25a, Hradec Králové",15.8133233,50.2184442
"Ing. Fr. Janečka 546, Týnec nad Sázavou",14.5889923,49.83215209999999
"Riegrova 5030/23, Jablonec nad Nisou",15.1641273,50.7315322
"Dr. E. Beneše 641, Česká Třebová",16.4401398,49.91184639999999
"Labská 1500, České Budějovice",14.4535323,48.9961984
"Neffova 299/1, Lipník nad Bečvou",17.5829474,49.5267713
"U Bílého sloupu 2147, Litvínov",13.6052482,50.5933044
"Brněnská 1359/58, Hustopeče",16.7308716,48.9453626
"Dukelská 2974/2, Opava",17.88852,49.9378629
"Revoluční třída, Nový Bydžov",15.4879617,50.2343051
"Selbská 2883, Aš",12.1761821,50.2171781
"Pražská 3330, Varnsdorf",14.6185771,50.9071695
"Riegrova, Hořice",15.6463308,50.3691275
"Brněnská 1870/33a, Hradec Králové",15.8509028,50.18982519999999
"Nádražní 2558, Písek",14.1452322,49.29900019999999
"Domažlická 884, Klatovy",13.286578,49.3950206
"Lodžská 831/30, Praha",14.4292444,50.1321161
"Průmyslová 260, Brandýs nad Labem-Stará Boleslav",14.6643024,50.1758684
"Vlčnovská 2462, Uherský Brod",17.6454168,49.0209076
"Velebudická 3303/1a, Most",13.6538237,50.49094789999999
"Táborská 894, Votice",14.6506652,49.6367527
"Pražská 520, Nová Paka",15.5122328,50.4963518
"Dornych 451/39, Brno",16.6207841,49.1868439
"Komenského 383, Broumov",16.3299869,50.5885637
"Pražská 823, Chlumec nad Cidlinou",15.4477559,50.1582377
"Kbelská 919/31, Praha",14.5106179,50.1231011
"Vítězná 2117/21, Karlovy Vary",12.8741065,50.2347596
"Jakuba Obrovského 228/1a, Brno",16.532925,49.2259629
"Plzeňská 3042/383, Ostrava",18.2454576,49.77481909999999
"Volyňských Čechů 3094, Žatec",13.545024,50.31808590000001
"Svitavská 2393/16b, Blansko",16.6437386,49.3567524
"Purkyňova 3111, Česká Lípa",14.543511,50.6931581
"Fügnerova 1543/10a, Hořovice",13.8971984,49.8386648
"Černokostelecká 2110/20, Říčany",14.6575717,50.0038007
"Okružní 4967/15, Jihlava",15.6062729,49.4017243
"Vodní 2453/1, Cheb",12.3697002,50.083842
"Polská 432, Trutnov",15.9090923,50.5653838
"Těšínská 1486/19, Plzeň",13.4079794,49.7505792
"Červené Vršky 2179, Benešov",14.6823353,49.78946620000001
"Ellerova 1291, Strakonice",13.9131707,49.2606964
"Tovární 1395, Chrudim",15.7969027,49.9551043
"tř. 17. listopadu 873/6, Karviná",18.5545074,49.8446429
"Horní 1117, Chodov",12.7468156,50.23246109999999
"Bezručova 1330/4a, Jeseník",17.2056142,50.2358932
"Nárožní 1488/8, Praha",14.3306438,50.0540276
"Pražská 2174, Pelhřimov",15.2146681,49.43820239999999
"U Stadiónu 3255/1, Ostrava",18.3164117,49.7696567
"Vsetínská 414, Karolinka",18.2432691,49.3509476
"1. máje 1089, Zruč nad Sázavou",15.1012831,49.7460362
"Tř. 1. máje 1152, Přeštice",13.3279798,49.581491
"Frimlova 963/1, Karlovy Vary",12.8372834,50.2384286
"Vracovská 1550, Bzenec",17.2605383,48.9743141
"Tyršova 393, Semily",15.3325491,50.6016365
"Rudé armády 1469, Kostelec nad Orlicí",16.218451,50.1226602
"Edvarda Beneše 581/21a, Plzeň",13.3784853,49.7262627
"Novohradská 1810, České Budějovice",14.4974105,48.9547012
"Armádní 766, Milovice",14.8794951,50.2281098
"Znojemská, Moravský Krumlov",16.3073014,49.041542
"Švehlova 3309/11, Praha",14.515749,50.0555239
"Hlubyňská 805, Březnice",13.945848,49.5590945
"Opavská 3376/66a, Kravaře",18.0139942,49.9326219
"Masarykova třída 1950, Teplice",13.8356581,50.6497295
"Brněnská 818, Jevíčko",16.7116,49.6294169
"U Prazdroje 2746/20, Plzeň",13.3940894,49.7476701
"1. máje 500, Třemošnice",15.5797185,49.8693047
"Strakonická 169, Horažďovice",13.7024314,49.32205099999999
"Rudná 2973/2, Ostrava",18.273147,49.80831389999999
"Velká brána 555, Jemnice",15.5735802,49.0198288
"Dukelská 995, Podbořany",13.4088254,50.2294377
"Nádražní 2442, Pelhřimov",15.2239758,49.425135
"Ostravská, Bílovec",18.0210737,49.7595839
"Pivovarská, Lomnice nad Popelkou",15.3693677,50.5329408
"Havlíčkova 859, Libochovice",14.0526067,50.4075087
"Teplická, Děčín",14.1708829,50.7817672
"Arménská 3278, Kladno",14.1376438,50.1343797
"Slavkovská 1205, Rousínov",16.8788273,49.1964368
"Mostecká, Týniště nad Orlicí",16.0695196,50.148423
"Horní, Ostrava",18.2537456,49.781423
"U autobus. nádraží 935, Votice",14.643645,49.63763609999999
"Tovární 332, Cvikov",14.6394301,50.7724647
"Družstevní 353, Jirny",14.7037743,50.1198181
"Žatecká 946, Kralovice",13.4903767,49.9800808
"Jičínská 1368, Mladá Boleslav",14.9310817,50.4113753
"Koželská 1303, Ledeč nad Sázavou",15.2764717,49.68923590000001
"Hlavní 210, Hanušovice",16.9316064,50.0762593
"Obránců míru 286/38b, Kopřivnice",18.1366394,49.6054725
"Rudolfovská tř. 670, České Budějovice",14.4959578,48.97943979999999
"Červenovodská 997, Králíky",16.7601781,50.0812728
"Běloveská 2085, Náchod",16.1766221,50.4181895
"Komenského 1178, Kostelec nad Černými lesy",14.8585351,49.988276
"Přístavní 1321/55a, Brno",16.5236531,49.22754579999999
"Višňová 3129, Most",13.6560449,50.4935181
"Katovická 1303, Strakonice",13.8928571,49.2637772
"Počernická 257, Radonice",14.6207477,50.1338661
"Pivovarská 116, Bílina",13.7742817,50.5502621
"Akademika Bedrny 383/10a, Hradec Králové",15.8325386,50.218308
"Masarykova 3552, Havlíčkův Brod",15.5728529,49.6170069
"Václavská 1051, Chrudim",15.8064443,49.9408441
"Alej 17. listopadu 2694, Roudnice nad Labem",14.2447375,50.422961
"Hornoměcholupská 492, Praha",14.5669626,50.0413828
"Solnická 59, Dobruška",16.1675307,50.2889965
"Masarykova 134, Nové Město na Moravě",16.0765014,49.5634962
"Kmochova 3156, Varnsdorf",14.6183975,50.9091347
"Revoluční 2732/9, Ústí nad Labem",14.038011,50.6593765
"17. listopadu 3018, Dvůr Králové nad Labem",15.8179235,50.42905529999999
"Malešická 2799/22b, Praha",14.4874086,50.08651589999999
"Karla IV. 2749, Pardubice",16.3696639,49.766921
"Jana Kouly 1370, Český Brod",14.8641763,50.0728737
"Havířovská 473, Praha",14.5076675,50.1351907
"Sokolská 1679, Lysá nad Labem",14.8426209,50.2005894
"Za Pivovarem 1656, Dobříš",14.1797245,49.7881163
"U staré pošty 8/1, Praha",14.4137172,50.0360278
"Kralupská 1887, Brandýs nad Labem-Stará Boleslav",14.6559374,50.184402
"Ašská 2393/8, Cheb",12.3707889,50.0845947
"Sobotecká 2078, Turnov",15.1519906,50.5814216
"Drahelická 2265, Nymburk",15.0263928,50.1800199
"Plzeňská 1070, Třemošná",13.391989,49.8089206
"Revoluční třída 775, Nový Bydžov",15.4895708,50.235772
"Táboritská 1195, Třeboň",14.7559551,49.0084777
"kpt. Jaroše 1682, Kadaň",13.2700918,50.3841917
"U Červeného kostela 1863, Teplice",13.8390803,50.6531102
"U Bílého sloupu 2144, Litvínov",13.6054475,50.5956292
"Matúškova 831/1, Praha",14.5154225,50.0373543
"Družební 1373, Ostrov",12.941601,50.3080171
"Hlavatého 664/13, Praha",14.5345959,50.0302782
"Švermova 1547, Beroun",14.0501324,49.9569579
"Nádražní 1513, Vrchlabí",15.6203729,50.619443
"Smetanova 1607, Rychnov nad Kněžnou",16.2838649,50.164411
"Žirovnická 3160/8, Praha",14.4925685,50.05820989999999
"Tyršova 1001, Polička",16.2670459,49.7182627
"Dukelských hrdinů 814, Česká Kamenice",14.4267426,50.8003704
"Bezručova 5429, Chomutov",13.4025253,50.4650241
"Západní 1807/43, Karlovy Vary",12.8544312,50.228452
"Hradecká 1122, Holice",15.9832593,50.07356290000001
"Brodská 495, Příbram",13.9926904,49.6690528
"Brněnská 801/1, Svitavy",16.4751047,49.7528502
"Náchodská 2086/54, Praha",14.6007683,50.1130435
"Chebská 202/20, Mariánské Lázně",12.6957679,49.9645203
"Na Žižkově 9731, Liberec",15.0625695,50.753142
"Revoluční 311, Krupka",13.8904095,50.6858949
"Havlíčkova 1395, Mladá Boleslav",14.9123309,50.4283152
"Sokolská 924, Doksy",14.6550194,50.5683701
"Pod Lihovarem 2055/4, Říčany",14.6570761,49.99840649999999
"Purkyňova 2986, Tábor",14.6778621,49.4115226
"Boženy Němcové 2057, Sokolov",12.6525698,50.1739066
"Na Kameni 23, Jaroměř",15.9155308,50.3567761
"Moskevská 1999, Most",13.6434561,50.5056976
"Bubenské nábř. 306/13, Praha",14.4455303,50.0983892
"Husova 2812, Žatec",13.5331447,50.31374779999999
"Jablonecká 423/70, Praha",14.4938071,50.125428
"Mostní 731, Kralupy nad Vltavou",14.3198218,50.2496363
"Lodžská 399/26, Praha",14.4233464,50.1304652
"Víta Nejedlého 1498, Mnichovo Hradiště",14.9736347,50.5160417
"Vítězná 118, Kladno",14.0809753,50.1403664
"Tyršova 206, Moravské Budějovice",15.8140299,49.0492081
"Hostovského 967, Hronov",16.1813026,50.4718394
"Rakovnická 1196, Nové Strašecí",13.8947039,50.15663800000001
"Husova třída 241, Domažlice",12.9367601,49.43940560000001
"Brněnská 991, Náměšť nad Oslavou",16.1575145,49.2052096
"Husova 669, Mimoň",14.7298701,50.6535851
"Nad Parkovištěm 1221, Hluboká nad Vltavou",14.4307493,49.0511955
"Horská 571, Trutnov",15.8940414,50.5785919
"Husova 1112, Jičín",15.3646812,50.4333274
"Mladoboleslavská 3750, Mělník",14.4940525,50.3451837
"Josefa Fouska 2643, Louny",13.8069578,50.3543756
"Jateční 465, Teplice",13.8085016,50.64046099999999
"Nádražní 33, Chrastava",14.9639984,50.8143264
"Ivana Olbrachta 4582/8, Jablonec nad Nisou",15.1627936,50.73583259999999
"5. května 1238, Červený Kostelec",16.0899694,50.47665190000001
"Wolkerova 915, Planá",12.7364662,49.8652569
"Milady Horákové 2751, Kladno",14.1115231,50.133197
"Na Dolech 5331/107, Jihlava",15.5678825,49.4090034
"Sokolská 756, Hrádek nad Nisou",14.847823,50.85247020000001
"Ouvalova 550, Slaný",14.0894332,50.2283203
"Pražská 1706, Humpolec",15.3463109,49.5417613
"Ruská 309, Dubí",13.763046,50.6996289
"Plynárenská 3281, Teplice",13.8409781,50.6359837
"Tyršova 884, Trmice",14.0054939,50.65042570000001
"Pražská 1056, Třebíč",15.8577965,49.2103834
"Benešova, Kolín",15.1871053,50.0250716
"Hrdinů 1848, Jirkov",13.4412119,50.4908757
"Revoluční 157, Stráž pod Ralskem",14.8021045,50.70221189999999
"Buničitá 1239, Vratimov",18.3030331,49.7719184
"Těšínská 1403, Ostrava",18.3332331,49.8174945
"Jetřichova 2462, Hostivice",14.2334345,50.0839884
"Pražská 1071, Mníšek pod Brdy",14.2683708,49.8686356
"Železničářská 1602/7, Ústí nad Labem",14.0481898,50.6536079
"Dr. Hajného 1234, Vodňany",14.1824421,49.14855439999999
"Brněnská 1247, Rosice",16.4019332,49.184562
"Neštěmická 825/6, Ústí nad Labem",14.0676382,50.66807739999999
"B. Egermanna 845, Nový Bor",14.5459191,50.7651245
"Jesenická, Vrbno pod Pradědem",17.3715078,50.1226153
"Panenská 2181, Tachov",12.6357853,49.7966613
"Rumburská 783, Šluknov",14.4632647,51.0031304
"ČSA 987, Velká Bystřice",17.3513766,49.5912235
"Opavská 1019, Vítkov",17.7494173,49.7744492
"Kolbenova, Praha",14.5147988,50.11037349999999
"1. května, Brumov-Bylnice",18.0239219,49.0847779
"tř. 1. máje, Dobřany",13.2940252,49.6541148
"Sídliště, Velešín",14.4571819,48.8318675
"Vrchlického, Horšovský Týn",12.9307993,49.5287534
"Ztracená 3176/2, Přerov",17.459152,49.4480273
"Žitavská 3021, Česká Lípa",14.5428582,50.69275270000001
"Do Čertous 2772/8, Praha",14.6093726,50.1212948
"Za Olšávkou 399, Uherské Hradiště",17.4678767,49.0549033
"Gen. Svobody 1370, Uničov",17.1134395,49.77477589999999
"Fügnerova 2387/2a, Blansko",16.645725,49.3565248
"Vorlíčkova 1271, Blatná",13.8829903,49.42168729999999
"tř. Masarykova 1657, Veselí nad Moravou",17.3746241,48.9469227
"Přemyslovců 2654, Louny",13.7828433,50.3564168
"Husova 338, Kopřivnice",18.1511295,49.5905436
"Starokolínská 1816, Praha",14.6487672,50.0775427
"Husova 144, Vysoké Mýto",16.1607536,49.94593
"Sídliště Svákov 825, Soběslav",14.7108804,49.263501
"Stará Kysibelská 642/73, Karlovy Vary",12.8975129,50.2367263
"Bohúňova 1550/19, Praha",14.522366,50.02590679999999
"Cyrilometodějská 1018, Valašské Klobouky",18.0218963,49.1469306
"Průběžná 2551, České Budějovice",14.4682284,48.9921705
"Plumlovská 4126, Prostějov",17.0940028,49.4730485
"Zámecká 1116, Světlá nad Sázavou",15.4128918,49.6674949
"Uničovská 1186/16, Litovel",17.0737201,49.7109638
"Nad lesním divadlem 99, Praha",14.4420083,50.0247786
"Radotínská 29, Černošice",14.3264463,49.964245
"Hlavní 1602, Frýdlant nad Ostravicí",18.3596017,49.58666580000001
"Nádražní 1213, Sušice",13.531689,49.2420925
"Choceradská 3214/44, Praha",14.4932503,50.0481645
"Pražská 373, Náchod",16.1577607,50.4087219
"Rooseveltova 520/100, Olomouc",17.2565791,49.5771052
"Závodní 1843, Petřvald",18.3892976,49.82923719999999
"Okružní 5454, Zlín",17.6676052,49.2362091
"Strojírenská 375/20, Žďár nad Sázavou",15.9305084,49.5609704
"Bystrcká 1223/38a, Brno",16.5361744,49.225751
"Na Cihelnách 13, Jaroměř",15.9124042,50.34931779999999
"Masarykovo náměstí 1247, Nýřany",13.2068496,49.7135924
"Budějovická 162, Český Krumlov",14.3340818,48.8241083
"Tř. 1. máje 1901, Hranice",17.7361359,49.5529859
"Hladnovská 1944/16, Ostrava",18.3061025,49.84352089999999
"Albertova 4018/5, Kroměříž",17.386326,49.2886131
"Pražská 1120/25, Letovice",16.5720599,49.55625089999999
"Rybářská 2903/7, Opava",17.8980483,49.942465
"Osecká 1483, Duchcov",13.7372474,50.6116794
"Havlíčkova 1795, Vlašim",14.9017953,49.7028361
"Brandlova 1375/14, Kyjov",17.1338447,49.00748549999999
"Soustružnická 489/6, Praha",14.5370485,50.10520649999999
"K Novému nádraží 2059/6, Velké Meziříčí",16.0196512,49.3502558
"Letohradská 1485, Ústí nad Orlicí",16.4050581,49.9789886
"Maškova 1798/2, Praha",14.4517999,50.1330505
"Sadová 1364/3, Jeseník",17.2068454,50.2266591
"Škvorecká 1762, Úvaly",14.7319007,50.0696395
"Lidická 146, Třinec",18.6681597,49.6768343
"Sídliště 892, Hostinné",15.7286653,50.53955870000001
"Krkonošská 1826, Nová Paka",15.5218415,50.4943673
"Husova 999, Lanškroun",16.6109574,49.909074
"Tovární 111, Benátky nad Jizerou",14.827649,50.2869752
"Pražská 366/20a, Rumburk",14.5570711,50.9434768
"Masarykova 1458/29, Hořovice",13.896166,49.8371174
"Věštínská 1516/17, Praha",14.3696905,49.9862423
"U Potoka 3471, Mělník",14.48979,50.34995929999999
"Plzeňská 229, Beroun",14.0460841,49.9516723
"Cihelní 1872, Hlučín",18.1954341,49.8956732
"Přímětická 2625/76, Znojmo",16.0392131,48.8711725
"Aloise Jilemnického 2138, Hořice",15.6293135,50.3677345
"Fialova 2974/18, Šumperk",16.979844,49.96216889999999
"Studentská 1893, Jirkov",13.4375747,50.5005233
"Seifertova 532, Příbram",13.9971769,49.6759736
"Žarošická 4355/11, Brno",16.6628811,49.21096439999999
"Klimenta Čermáka 1599, Čáslav",15.3943867,49.907578
"Chmelova 1173, Kralupy nad Vltavou",14.3089679,50.2409065
"Marie Pomocné 2154/38, Litoměřice",14.1433292,50.5336161
"Jiráskova 1280, Mladá Boleslav",14.9224814,50.4316313
"Částkova 1185/80, Plzeň",13.4053604,49.7346942
"Nádražní 293/20, Odry",17.8341402,49.6686145
"Kamenná 2764, Aš",12.1907213,50.2218564
"Močidla 2369, Uherský Brod",17.6597674,49.0254129
"Luční 126, Semily",15.3293859,50.602706
"Gerská 1951/15, Plzeň",13.3672381,49.7762355
"U Francouzů 1181, Třeboň",14.75561,49.0121551
"Nádražní 3, Židlochovice",16.6151978,49.03462829999999
"Sokolovská 1704, Čelákovice",14.7428542,50.157853
"Čechova 2126, Benešov",14.6951867,49.7869188
"Nebahovská 901, Prachatice",14.0037672,49.01385610000001
"U elektrárny 1957, Kraslice",12.5184794,50.31851810000001
"M. Horákové 1583, České Budějovice",14.4393334,48.98391609999999
"Kaplanova 1803/2c, Kroměříž",17.4044218,49.3070375
"Žižkova 1378, Třebechovice pod Orebem",15.9898797,50.2006637
"Pražská 2017, Pelhřimov",15.2136993,49.4379822
"Novoměstská 849, Bystřice nad Pernštejnem",16.2491785,49.52755010000001
"Bukovecká 76, Jablunkov",18.7670384,49.5774607
"Palackého 730/82, Holešov",17.5674864,49.3285507
"Mírové náměstí 1602, Dobříš",14.1721281,49.7819537
"U Sýpky 280, Fulnek",17.9063364,49.7154098
"T. G. Masaryka 2002, Nové Město nad Metují",16.1465839,50.3596428
"Dukel. hrdinů 2546, Rakovník",13.7109907,50.1085891
"Táborská 846, Kamenice nad Lipou",15.0679513,49.3005396
"Veselská 1868, Strážnice",17.3247046,48.8985837
"Školská 1409, Žamberk",16.4619784,50.0786701
"Horská 92, Trutnov",15.8978038,50.572986
"nábřeží Benešovo 2913, Dvůr Králové nad Labem",15.8071825,50.4279792
"Lidická 480, Příbor",18.1430277,49.6412606
"Hasova 1999/5, Praha",14.4259659,50.0141314
"Jiráskova třída 612, Holýšov",13.1051847,49.59657869999999
"Bohumínská 1935, Rychvald",18.3738437,49.8678654
"Žalanského 631/61a, Praha",14.2964137,50.0681003
"Na Veselce 1117, Úpice",16.0096616,50.513945
"U Prefy 1708, Chotěboř",15.6661253,49.7153728
"Průmyslová 874, Železný Brod",15.2503625,50.64081909999999
"tř. 1. máje 3345/4, Břeclav",16.8765468,48.7575213
"Lidická 1095/24, Plzeň",13.3751478,49.7670346
"Hvězdná 57, Jindřichův Hradec",15.0019989,49.131321
"Al. Jiráska 1474, Vrchlabí",15.612999,50.61786499999999
"Poličská 1625, Hlinsko",15.9179392,49.7668241
"Alešova 30, Poděbrady",15.1195442,50.1513127
"Klicperovo náměstí 5, Chlumec nad Cidlinou",15.4634002,50.1535099
"U Cihláře 3558, Havlíčkův Brod",15.5756193,49.61831369999999
"Rooseveltova 1348, Nejdek",12.7287762,50.3212076
"Krnovská 1926/5, Bruntál",17.4724204,49.9954897
"Žitavská 3172, Varnsdorf",14.6322415,50.9054692
"Sokolovská 1166, Litomyšl",16.3051834,49.8756056
"Teplého 2806, Pardubice",15.7614491,50.0274823
"Letná 605/44, Liberec",15.039124,50.782279
"Hornická 2487, Roudnice nad Labem",14.2403362,50.4260714
"Nádražní 1936/4, Karviná",18.530606,49.85570620000001
"Rafaelova 1120, Třebíč",15.8986446,49.2211268
"Nádražní 528, Vimperk",13.7864659,49.0561975
"Sedlecká 1176, Sedlčany",14.4248853,49.6532218
"Nádražní 766/26, Mohelnice",16.9277343,49.7757135
"Slezská 1300, Orlová",18.4255804,49.861211
"Jablunkovská 1263, Třinec",18.6784921,49.6726627
"Pionýrů 2280, Frýdek-Místek",18.3398451,49.6820552
"Hnězdenská 658/8, Praha",14.4220469,50.1263187
"V Opletkách 892, Kolín",15.2077468,50.0228241
"U Dolní brány 313, Broumov",16.333076,50.5833343
"Závodu míru 2058, Sokolov",12.6646031,50.1726646
"Darovaná 1436, Milevsko",14.3602066,49.4420404
"Jedličkova 1805, Lysá nad Labem",14.848166,50.1961786
"Benešova 1442, Stříbro",12.9962676,49.7530219
"Obchodní 2598, Písek",14.1586631,49.2973539
"Švabinského 618, Domažlice",12.9304139,49.4468708
"Nádražní 248, Bučovice",17.0028955,49.14739900000001
"Obce Ležáků 69, Chrudim",15.7959331,49.9439515
"třída T. G. Masaryka 864, Česká Skalice",16.0469744,50.39613749999999
"Palackého 1427/2a, Třešť",15.4813354,49.2875709
"Sokolská třída 3210/93, Ostrava",18.2861455,49.8459784
"Komenského náměstí 110, Police nad Metují",16.2326746,50.5394338
"Nádražní 1797, Tišnov",16.4216122,49.3449242
"Štemberkova 1605, Rychnov nad Kněžnou",16.2788507,50.1551218
"Dolní hejčínská, Olomouc",17.2426689,49.6033303
"Jiráskova 877, Litvínov",13.6170932,50.600138
"Hegerova 923, Polička",16.2764301,49.71839250000001
"Zámecká 1167, Lovosice",14.0527836,50.51572789999999
"Pod Strážištěm 5392, Chomutov",13.4081627,50.47594669999999
"Revoluční 1117, Úpice",16.0121814,50.5136758
"Špitálská 754, Slavkov u Brna",16.8696558,49.1521094
"Zábřežská 10/2, Mohelnice",16.9224186,49.77738
"Vápovská 306, Dačice",15.4408634,49.0790167
"Hranická 1443, Lipník nad Bečvou",17.5930826,49.52795039999999
"Jana Maláta 1910, Nový Bydžov",15.4802096,50.2444764
"Jana Zajíce 712, Pardubice",15.8076304,50.0454925
"Krumlovská 352/7, Ivančice",16.3760718,49.099654
"Československé armády 2095/39, Zábřeh",16.8847496,49.8772922
"Opavská 1300/48, Rýmařov",17.2713489,49.937645
"Petra Jilemnického 1868, Brandýs nad Labem-Stará Boleslav",14.6557656,50.1879656
"Tyršova 1730/39, Kuřim",16.546279,49.29796169999999
"Štěpánská 192, Vsetín",17.9876691,49.3355762
"Sběrná 654, Kutná Hora",15.2756316,49.9580042
"Zábělská 1350/60a, Plzeň",13.4262723,49.7586241
"Bedřicha Nikodema 360/1, Ostrava",18.170202,49.8426706
"Dvořákova 4047/8, Hodonín",17.1199824,48.85267839999999
"Brněnská 377/55, Hustopeče",16.7284756,48.9465938
"Sjednocení 846, Studénka",18.0542935,49.7133091
"Prosecká 824/80, Praha",14.5072022,50.1221308
"Třída Čs. armády 903, Veselí nad Lužnicí",14.7118889,49.19109290000001
"Rudolická 1323, Most",13.6561131,50.5092855
"Domažlická 870, Klatovy",13.28602,49.3955382
"Kojetická 1370, Neratovice",14.522478,50.2549444
"Lábkova 1066/40, Plzeň",13.323808,49.74555059999999
"Lužická 1536, Humpolec",15.3571656,49.5459439
"28. října 1531, Přelouč",15.5644232,50.0381209
"Brněnská 1144/28, Žďár nad Sázavou",15.9498625,49.5562615
"Tepelská 790/28, Mariánské Lázně",12.7067124,49.9477339
"Žižkova 1121, Pacov",15.0020656,49.4698138
"Na Vyhlídce 734, Kaplice",14.4852437,48.7408422
"U Koupaliště 1081, Chodov",12.7418878,50.24485689999999
"Husovo nám. 711, Štětí",14.3729788,50.4513693
"Pražská 286, Písek",14.1361881,49.3155237
"Průmyslová 560, Týn nad Vltavou",14.419424,49.2158775
"Svitavská 1501/29, Moravská Třebová",16.6537853,49.7567442
"Krkonošská 640, Tanvald",15.3062853,50.7365839
"Americká 749, Kladno",14.1226216,50.1260702
"Palackého 4570/96, Jablonec nad Nisou",15.1567076,50.7446329
"Osvobozená 695, Klášterec nad Ohří",13.1939189,50.38911299999999
"Uherskobrodská 1045, Luhačovice",17.7410509,49.0930318
"Plzeňská 989, Rokycany",13.5928926,49.7380972
"Riegerova 2386/56, Cheb",12.3785971,50.0704015
"Hejnická 4074, Frýdlant",15.0823123,50.9195201
"Chebská 897/30, Kynšperk nad Ohří",12.5311509,50.1132198
"Jívavská 2434/23, Šternberk",17.2976609,49.7236585
"Plzeňská 581, Toužim",12.985071,50.060504
"Krušnohorská 1372, Ostrov",12.9419545,50.3055475
"Hviezdoslavova 1318/8, Brno",16.6764259,49.1822701
"Pod Šenkem 1906, Frenštát pod Radhoštěm",18.2005643,49.55188949999999
"K Novému nádraží 2014/7, Velké Meziříčí",16.0205585,49.3483172
"U Fortny 49/10, Opava",17.9007451,49.9409216
"Frýdecká 440, Praha",14.5082761,50.1385407
"Znojemská 1383, Třebíč",15.8851089,49.2027935
"Opavská 6201/1A, Ostrava",18.1874178,49.82862249999999
"Dragounská 6/2529, Cheb",12.3677237,50.0715626
"Bardějovská 3268, Česká Lípa",14.5476786,50.6882504
"Albertova, Kroměříž",17.3843934,49.29053159999999
"Hradební 5440/1, Jihlava",15.5877456,49.3933881
"Na Radouči, Mladá Boleslav",14.9055927,50.4300935
"Nábřeží 463, Bílina",13.771719,50.5511974
"Českobrodská, Praha",14.5670044,50.0874159
"Barákova 237/8, Říčany",14.6590188,49.9985082
"Vyskočilova 1481/4, Praha",14.4561667,50.047614
"náměstí Míru 1356/8, Praha",14.4376439,50.0759929
"Hlavní třída 3274, Frýdek-Místek",18.3693965,49.6775418
"Mariánská, Praha",14.4375564,50.0201138
"Na Florenci 2116/15, Praha",14.435551,50.0886699
"Přemyslovců 2252/1, Nový Jičín",18.0105404,49.5987979
"Polská 1201/1, Olomouc",17.2578996,49.5867421
"Plumlovská 456/32, Prostějov",17.1036374,49.47269379999999
"Budyšínská 1400, Liberec",15.062665,50.775462
"Borská 3215, Česká Lípa",14.5433154,50.69882459999999
"Řevnická 121/1, Praha",14.2875481,50.053295
"Strakonická 1272, České Budějovice",14.4686624,48.9936941
"Víta Nejedlého 1063/10, Hradec Králové",15.8531665,50.2121155
"Kpt. Jaroše, Třebíč",15.885647,49.2240962
"Rokycanská 2656/2, Plzeň",13.4004336,49.7471474
"Kpt. Jaroše 375/31, Karlovy Vary",12.8409924,50.2268558
"Barákova 237/8, Říčany",14.6590188,49.9985082
"Želetická 707/5, Litoměřice",14.1367992,50.5259672
"Ocelářská 2420/2a, Praha",14.4885149,50.104046
"Poděbradská 297, Pardubice",15.7630693,50.056359
"Švehlova 1391/32, Praha",14.5171881,50.0532812
"Tkalcovská 869/1, Brno",16.6279023,49.200413
"Brněnská 2937/21, Znojmo",16.0660108,48.84616920000001
"Ve Vaňkovce 1, Brno",16.6137428,49.1888514
"Želivského 5050/2, Jablonec nad Nisou",15.1609321,50.7357271
"Chýnovská 3049, Tábor",14.686798,49.4084468
"Velebudická 1352, Most",13.6537125,50.4888367
"náměstí Svobody, Teplice",13.8235393,50.640679
"Náves 671, Zlín",17.6349047,49.2226217
"Nákupní 389/1, Praha",14.5421691,50.072593
"Nádražní 681/2a, Brno",16.6125584,49.1916789
"Nákladní 3201, Teplice",13.8226408,50.6454895
"Hradišťská, Staré Město",17.4508194,49.0751616
"Vídeňská 815/89a, Brno",16.59754,49.1765935
"Na Pankráci 86, Praha",14.4391031,50.0511586
"Jičínská 1349, Mladá Boleslav",14.9361678,50.4121289
"Horní 283/87, Ostrava",18.248044,49.7702994
"Borská 3215, Česká Lípa",14.5433154,50.69882459999999
"Kafkova 580/26, Praha",14.3960047,50.09905920000001
"Budějovická 73, Jesenice",14.5164854,49.9665606
"Klapkova 172/8, Praha",14.4559321,50.1224768
"Rožmitálská 255, Příbram",13.9886529,49.6825331
"Čimická 780/61, Praha",14.428393,50.1408855
"Chotutická 519/7, Praha",14.4941152,50.08257529999999
"Opatovská 874/25, Praha",14.5304552,50.0311679
"Dr. E. Beneše 526/4, Slaný",14.0828133,50.23103
"Goethova 356/5, Plzeň",13.3788047,49.74345539999999
"Klatovská třída 1702/77, Plzeň",13.3706038,49.73424790000001
"Koněvova 153/18, Praha",14.4550796,50.0872164
"Bělehradská 679/94, Praha",14.4332804,50.073604
"Antala Staška 236/18, Praha",14.4362285,50.040162
"Karmelitská 299/24, Praha",14.4039864,50.0870737
"Havlíčkova 1054, Zdice",13.9782514,49.9165308
"Železná 548/1, Praha",14.4217022,50.0868806
"Počernická 473/81, Praha",14.5064188,50.083232
"Vinohradská 86/111, Praha",14.4538637,50.0775641
"Nevanova 1050/11, Praha",14.3160025,50.0650819
"Michelská 792/2, Praha",14.4527129,50.0544249
"Korunní 855/70, Praha",14.4507454,50.0752627
"Podvinný mlýn 2126/1, Praha",14.4856459,50.10616109999999
"Krausova 714, Praha",,
"Milady Horákové 806/29, Praha",14.4290746,50.0994424
"Komenského 28, Šestajovice",14.687387,50.1131136
"Na Severním sídlišti 1071, Sedlčany",14.4201931,49.6606207
"T. G. Masaryka 596, Kladno",14.098854,50.1457387
"Myslbekova 128/1, Praha",14.3842107,50.0862957
"Nová 99, Mělník",14.4780735,50.35221319999999
"Legerova 1646/37, Praha",14.4301627,50.0734868
"Černokostelecká 585/124, Říčany",14.6841565,49.9940728
"Kouřimská 2311/2, Praha",14.4681144,50.07720339999999
"Švédská 107/39, Praha",14.3920301,50.0743078
"Náměstí 105, Tuchlovice",13.988155,50.137319
"Elišky Přemyslovny 442, Praha",14.392925,49.97399069999999
"Bezručova 143/16, Plzeň",13.3763599,49.745677
"Pražská 320, Vráž",14.1368252,49.98728
"Ke škole 1388, Mníšek pod Brdy",14.2624279,49.8623633
"Sokolská 490/31, Praha",14.4288114,50.07501560000001
"Pražská 156/14, Tábor",14.6598363,49.4136402
"Stromořadí 783, Dobřany",13.292226,49.6523069
"Zelená 434, Statenice",14.3231766,50.1441068
"Budějovická 1155, Jesenice",14.5071608,49.9707705
"Palackého 104/2, Poděbrady",15.119976,50.1422891
"Na Ořechovce 250/30a, Praha",14.3809705,50.0952546
"Kodaňská 313/6, Praha",14.4517825,50.0711252
"Matky Boží 1184/5, Jihlava",15.5894337,49.3954366
"Nuselská 1295/63, Praha",14.4501205,50.05980659999999
"Kaprova 16/9, Praha",14.4179748,50.0882382
"Radlická 186/110, Praha",14.3984189,50.0614722
"Staroměstské náměstí 89, Mladá Boleslav",14.9015365,50.4095322
"Žateckých 1082/9, Praha",14.4344897,50.0609027
"Jílovišťská 67, Praha",14.3620793,49.9614373
"Husova 54, Plzeň",13.364376,49.7459861
"Táborská 583/28, Praha",14.4377271,50.0617969
"Korunní 1740/129, Praha",14.4597894,50.0757497
"Nýřanská 568/2, Praha",14.3626705,49.9839182
"Na záhonech 1301/41, Praha",14.4675323,50.0477396
"Říčanská 197, Průhonice",14.5623673,50.0012687
"Pohořelec 111/25, Praha",14.3899335,50.0878786
"Náchodská 2819/155, Praha",14.6198311,50.1167295
"Hrdinů 4, Horoměřice",14.3363703,50.1326907
"nám. Dr. E. Beneše 4/12, Liberec",15.0578645,50.7689745
"Čílova 304/9, Praha",14.3466713,50.0889809
"Hyacintová 3266/9, Praha",14.4953757,50.0551874
"Pražská 129, Sázava",14.894537,49.87542240000001
"Pštrossova 218/27, Praha",14.4155765,50.07933999999999
"Přátelství 231, Praha",14.6084796,50.0312901
"Palackého náměstí 98/19, Kutná Hora",15.2678627,49.9491729
"Unhošťská 196, Červený Újezd",14.1657102,50.06859129999999
"Veronské nám. 598, Praha",14.5607547,50.0418411
"Pražská 147, Příbram",14.0133922,49.688845
"Maiselova 62/8, Praha",14.418679,50.08857279999999
"Michelská 8/27, Praha",14.4544216,50.0519319
"Malé Náměstí 73, Benešov",14.6911933,49.7837036
"Ivana Olbrachta 61, Kladno",14.102964,50.1459599
"Charlese de Gaulla 799/1, Praha",14.4005026,50.1021643
"Evropská 1691/35, Praha",14.375104,50.099062
"Francouzská 173/32, Praha",14.4408266,50.0731542
"Karlovarská 25, Lubenec",13.313035,50.1320165
"Ježkova 955, Liberec",15.0650505,50.75052549999999
"Ostrovského 1823/32, Praha",14.3997265,50.0685316
"Korunní 970/72, Praha",14.4510477,50.0752301
"Husova 29, Úvaly",14.7267069,50.0735823
"Na Karmeli 118/6, Mladá Boleslav",14.9043053,50.4152798
"Na Moráni 1957/5, Praha",14.4158503,50.0735956
"Služská 1025/14, Praha",14.4499931,50.124556
"K lánu 496/2, Praha",14.3604496,50.09589099999999
"Seifertova 1527/16, Praha",14.4472732,50.0846668
"Nerudova 240/33, Praha",14.3983724,50.0884542
"Čerchovská 1711/4, Praha",14.4465196,50.0790797
"U obecního dvora 793/2, Praha",14.4230811,50.0908775
"Radyňská 427/21, Plzeň",13.3895188,49.7378027
"Brožíkova 211/8, Praha",14.3885912,50.0715999
"Novodvorská 995/83, Praha",14.4404982,50.0225859
"Dopravní 500/9, Praha",14.5925355,50.0353272
"Bucharova 2641/14, Praha",14.3521567,50.0515188
"Kročehlavská 1289, Kladno",14.1199379,50.1437757
"TGM 596, Kladno",14.098854,50.1457387
"Oblouková 766/16, Praha",14.4568082,50.0663324
"Hlaďova 661/7, Praha",14.5748145,50.1030312
"náměstí Jana Heřmana 102, Neveklov",14.5338588,49.7534369
"Horní náměstí 249, Odolena Voda",14.4089664,50.2291236
"Kladenská 283/67, Praha",14.3607422,50.096399
"Basilejské náměstí 1807/3, Praha",14.4692475,50.0871861
"Nuselská 113/17, Praha",14.44361,50.0632683
"Arnoštova 98, Roudnice nad Labem",14.260439,50.42629789999999
"5. května 1154/45, Praha",14.4337571,50.0588886
"náměstí Republiky 1053, Mladá Boleslav",14.9164794,50.41057869999999
"Hlavní 124, Kostelec u Křížků",14.5701609,49.9259456
"Jankovcova 1596/14b, Praha",14.4543963,50.1079576
"Mansfeldova 805/12, Praha",14.5792845,50.1071001
"Tyršova 2071, Benešov",14.6848707,49.7811186
"U Rybníka 272, Třebotov",14.2897532,49.9730375
"třída Osvobození 318, Příbram",13.998808,49.67882239999999
"náměstí Republiky 6/5, Plzeň",13.3785675,49.7480442
"Rooseweltova 2019, Sokolov",12.6411739,50.1798193
"Hybernská 1013/34, Praha",14.4349662,50.087146
"Tylova 659/23, Plzeň",13.3690022,49.7446116
"Vřesová 678/7, Praha",14.4323112,50.1266967
"Mirotická 965/1, Praha",14.4533196,50.0139465
"Karla Jeřábka 1042, Roudnice nad Labem",14.2545176,50.4235772
"Radlická 2018/78, Praha",14.4042506,50.0627132
"Komenského 700, Řevnice",14.2324291,49.913624
"Korunní 957/35, Praha",14.4434007,50.0755186
"Plzeňská 948/129a, Praha",14.379147,50.0704289
"Karlovo nám. 670/25, Praha",14.4215506,50.07789510000001
"Komenského 1610/31, Jihlava",15.588864,49.3982545
"Korunovační 917/15, Praha",14.4183681,50.1009071
"Dělnická 1044/34, Praha",14.4496355,50.1031532
"Seifertova 455/17, Praha",14.4416566,50.085453
"Vrchlického 4630/59, Jihlava",15.5709121,49.3975908
"Krkonošská, Trutnov",15.8835032,50.5822203
"třída 3. května 1170, Zlín",17.5724719,49.2037246
"U Vodojemu 992, Bechyně",14.4761898,49.3029512
"Nádražní 2590, Písek",14.1451124,49.2965065
"Štemberkova 1698, Rychnov nad Kněžnou",16.2762677,50.1558465
"Smetanovy sady 2152, Jirkov",13.4464722,50.5004304
"Frýdecká 77, Třinec",18.6597169,49.6711458
"Nuselská 1418/51, Praha",14.4474345,50.06131629999999
"Průmyslová 275, Zápy",14.6643024,50.1758684
"Jáchymovská, Ostrov",12.9442989,50.3114712
"Svobodova 1961/1, Praha",14.4179406,50.0679623
"Cukrovarská 786/69, Praha",14.5303129,50.1513611
"Dr.Milady Horákové 10, Chrudim",15.8022609,49.9369111
"nám. Jana Masaryka 2735, Kladno",14.0726519,50.1396407
"Jabloňová 3000/15, Praha",14.4976145,50.0568621
"Chebská, Aš",12.203676,50.210264
"Hrádecká, Sušice",13.5208615,49.2397133
"Mukařovského 2590/2, Praha",14.3228017,50.0453201
"Bělehradská 474/89, Praha",14.4317759,50.0762635
"Alešova 3083, Dvůr Králové nad Labem",15.8098597,50.4251529
"Chomutovská 210, Klášterec nad Ohří",13.1712929,50.3844613
"Hegerova 1120, Polička",16.2781953,49.7196629
"Plzeňská 916, Planá",12.7358113,49.8633171
"Táborská 2024, Černošice",14.3156045,49.9499254
"Jablunkovská 2041/38, Český Těšín",18.619674,49.7389008
"tř. 17. listopadu 3170/41, Přerov",17.4570603,49.4532829
"Koněvova 1685/110, Praha",14.4672612,50.0899787
"náměstí Hrdinů 1634/3, Praha",14.4338292,50.0562154
"Tovární, Chodov",12.7442088,50.2386698
"Finská 600/2, Praha",14.4566847,50.0714127
"Starodubečská 400/16, Praha",14.5889313,50.0617827
"Mlýnská, Tišnov",16.4210396,49.3482896
"Toušeňská 2042, Čelákovice",14.7273649,50.1322571
"Podkrušnohorská, Litvínov",13.5988968,50.5993837
"Šumperská 527, Uničov",17.1220601,49.7760897
"Černokostelecká 2270/22, Říčany",14.6582559,50.0026287
"Cihlářská 1516, Ústí nad Orlicí",16.4004332,49.9786052
"Nová 1016, Horní Slavkov",12.7968238,50.13557489999999
"Domoradická 299, Český Krumlov",14.3347083,48.8237365
"Lidická 3341/137, Břeclav",16.9015065,48.7802725
"Bělohorská 161, Brno",16.661348,49.1901829
"Husova, Žatec",13.5367319,50.3174696
"Dr. Hajného 1274, Vodňany",14.1822072,49.1477216
"Chebská, Mariánské Lázně",12.6927473,49.9641733
"Cimburkova 540/4, Brno",16.6093633,49.2181067
"Kafkova 1223/8, Olomouc",17.228168,49.5753704
"Velehradská 3254/105, Kroměříž",17.388697,49.2844136
"Sjízdná 5554/2a, Ostrava",18.2015167,49.8280086
"Lidická, Roztoky",14.3846124,50.16137579999999
"Zámecká 1936/18, Ostrava",18.2900191,49.8351244
"Divadelní 603/1, Brno",16.614134,49.1946705
"Hlavní třída 1196/27a, Ostrava",18.1796945,49.826462
"Bílý kopeček 259, Skuteč",15.9906508,49.851905
"Sportovní 1699, Přelouč",15.5648854,50.0412316
"Štefánikova, Rajhrad",16.5996025,49.0906207
"Sokolovská 2164, Tachov",12.6385314,49.8033593
"Špitálské náměstí 3517/1a, Ústí nad Labem",14.0331933,50.6618643
"Obchodní, Šternberk",,
"Sjednocení, Studénka",18.0594872,49.7151911
"Husova, Jaroměř",15.9136707,50.3522421
"Táborská 619/46, Praha",14.4420547,50.0627354
"Jana Buchara 986, Jilemnice",15.5065606,50.6053659
"1. máje 1043, Zruč nad Sázavou",15.0987835,49.7465614
"nám. T. G. Masaryka 401, Třinec",18.6785434,49.6695718
"Sosnová 409, Třinec",18.6858932,49.6784707
"Dr. Martínka 1170/49, Ostrava",18.2650798,49.7877145
"náměstí 28. října 1610/1, Hradec Králové",15.8177076,50.2129803
"náměstí 14. října 83/15, Praha",14.4066804,50.0739227
"Na pískách 1815/29a, Praha",14.3727075,50.1041797
"17. listopadu 1001/25, Havířov",18.4474403,49.77888
"Jiřího Trnky 73, Frýdek-Místek",18.3335606,49.67688039999999
"Nádražní 747, Kdyně",13.0365846,49.3876542
"Sportovní 1610, Pohořelice",16.520104,48.9789993
"Hlavní 345, Sulice",14.5701609,49.9259456
"Prokopova 2859/7, Praha",14.4527151,50.0862
"Tyršova 684, Osek",13.6914194,50.6266798
"Americká 2186/47, Plzeň",13.3846339,49.7445183
"tř. 17. listopadu 883/2a, Karviná",18.5532874,49.8460206
"28. října 985/14, Mikulov",16.627356,48.8037766
"Rybářská 2481, Uherský Brod",17.6558354,49.02260279999999
"Pražská 2494/15, Cheb",12.3790424,50.0820454
"Dr. E. Beneše 642, Česká Třebová",16.4401398,49.91184639999999
"Tř. Maršála Malinovského 1304, Uherské Hradiště",17.4684359,49.0615483
"Veltruská 815, Kralupy nad Vltavou",14.3177574,50.2531773
"Přetlucká 3295/50, Praha",14.5108705,50.07077779999999
"Novodvorská 994/138, Praha",14.430769,50.0276219
"Na Výsluní 1368, Neratovice",14.5133741,50.2522744
"Teplická 345, Děčín",14.1526259,50.7812371
"Písečná 5376, Chomutov",13.4376751,50.4850234
"Veslařská 3430, Mělník",14.4907199,50.34613700000001
"Okružní, Vlašim",14.9048644,49.7007509
"Masarykovo náměstí 25, Bělá pod Bezdězem",14.8030154,50.5024819
"Vrchlického 830/41, Liberec",15.0602878,50.7843183
"V Kaštánkách, Pečky",15.0303625,50.0934588
"1. máje, Habartov",12.5503121,50.1832893
"Palackého 520, Holešov",17.5561124,49.3249293
"Kvítková 4352, Zlín",17.6688706,49.22720229999999
"Sušická, Vimperk",,
"Farského 4732, Chomutov",13.4143266,50.46198889999999
"Nádražní, Čerčany",14.7017081,49.8498275
"Marie Majerové 2241, Sokolov",12.6694516,50.1755018
"Dráby 936, Vysoké Mýto",16.1663618,49.943611
"Skandinávská 128/2, Brno",16.6268351,49.157532
"Cihelní 1345/2, Bruntál",17.4571922,49.9855625
"tř. Těreškovové 2232/26, Karviná",18.5567246,49.857364
"Dukelská 1017, Třinec",18.6804862,49.6637903
"Budějovická 650, Veselí nad Lužnicí",14.6920669,49.1803828
"Osvobození 540, Stochov",13.9627034,50.14819869999999
"Kojetínská 3133/10, Přerov",17.4433682,49.4499302
"Pod Alžbětinkami 196, Jablunkov",,
"Rudolická 1706/4, Most",13.6512531,50.5106526
"Lidická 795, Třinec",18.6783426,49.6684148
"Velenická 72/2, Praha",14.4870372,50.0136534
"Rokycanská 1385/130, Plzeň",13.4370082,49.7458336
"Masarykovo náměstí 1950, Pardubice",15.7672408,50.0364288
"Místecká 1124, Příbor",18.1558949,49.642164
"Koperníkova 1077, Dolní Lutyně",18.4284097,49.8986003
"Konečná 441/25, Držovice",17.1285851,49.4839107
"nám. Svobody 528, Třinec",18.6755648,49.6675981
"Sportovní 1398/8, Nový Jičín",17.997716,49.592771
"Vodárenská 3653, Mělník",14.4840484,50.3542851
"Soběslavská 3038, Tábor",14.6845451,49.3971166
"Těšínská 2914/44, Opava",17.9178141,49.9319144
"tř. 17. listopadu 883/2a, Karviná",18.5532874,49.8460206
"Nádražní 816/9, Karviná",18.5267736,49.8566385
"Čechova 929/26, Přerov",17.455455,49.4503703
"Chebská 370/81a, Karlovy Vary",12.8247356,50.22600019999999
"Skandinávská 144/25, Praha",14.2954586,50.0495422
"Kosmonautů 638/23a, Karviná",18.5567868,49.8506369
"Brněnská 4971/74, Jihlava",15.6096065,49.3963152
"Hradecká 1141, Jičín",15.3691486,50.4354403
"V Kasárnách 1019, Kolín",15.1906555,50.032337
"Horní 26, Frenštát pod Radhoštěm",18.2136149,49.54641179999999
"Příborská 2270, Frýdek-Místek",18.3268838,49.6706019
"Rudolická 1214, Most",13.6531472,50.511055
"Ústecká 1905/8, Děčín",14.2054731,50.7702693
"Staroměstská 324, Třinec",18.6669666,49.6798186
"Bystřice 1181, Bystřice",18.7198011,49.6368818
"Železničářů 1303/8, Havířov",18.4197989,49.79145459999999
"Šaldova 2991/21, Ostrava",18.2416383,49.8067429
"Dukelská 435/13, Litovel",17.074098,49.7057253
"Italská 705, Milovice",14.8794661,50.2272228
"Brandlova 1640/2, Praha",14.5144817,50.0323034
"Masarykova 873, Valašské Meziříčí",17.9628395,49.4852299
"Milady Horákové 116, Praha",14.4075405,50.097829
"Myslibořská 299, Telč",15.4654657,49.18617829999999
"Pražská 814/23, Rumburk",14.5580825,50.9473001
"Mečová 695/2, Brno",16.6069791,49.1932762
"Bílkova 270, Poděbrady",15.1065421,50.1348359
"Hrádecká, Slavičín",17.8881914,49.0788722
"Obchodní 879, Soběslav",14.7135925,49.26340339999999
"Nádražní 228/2, Kopřivnice",18.2217043,49.5435738
"Žežická 598, Příbram",13.9883647,49.6709216
"Netroufalky 770, Brno",16.5659122,49.1768502
"Mendelova 665/13, Praha",14.5324302,50.0333278
"Palackého nám. 30, Rosice",16.3900514,49.1817864
"Sklářská 333, Sázava",14.9039133,49.8758582
"Moskevská 466/82, Praha",14.4602387,50.0670095
"Bělocerkevská 1305/34, Praha",14.4709584,50.0726237
"Domažlická 909, Klatovy",13.2858263,49.3928975
"Havlíčkova 1842, Chotěboř",15.6710415,49.7206138
"Oslavanská 1548, Ivančice",16.3639397,49.1055335
"Opavská 774/91, Ostrava",18.1684895,49.8341512
"Dukelská, Šenov u Nového Jičína",17.9979573,49.6109239
"Petržílkova 2706/30, Praha",14.3443654,50.05122009999999
"Roztylské náměstí 2772/44, Praha",14.4753604,50.0469354
"Národní 63/26, Praha",14.4194829,50.082309
"Olbrachtova 808/2, Liberec",15.0905218,50.7609252
"Seifertova 574, Ústí nad Labem",14.1094257,50.67593129999999
"Bořkovská 574, Semily",15.3271851,50.59876
"Zámecká 1100, Šluknov",14.4543219,51.0044422
"Neklanova 2693, Roudnice nad Labem",14.2392912,50.4245436
"Třeboňská 1002/91, Karlovy Vary",12.8488861,50.2389389
"Obchodní 663, Štětí",14.3743213,50.4533603
"Děčínská 246, Benešov nad Ploučnicí",14.2951578,50.741431
"Husova 661/1, Mimoň",14.7287735,50.65373779999999
"Tř. T. G. Masaryka 830, Nový Bor",14.5551561,50.7577148
"495, Rokytnice nad Jizerou",15.450822,50.7287697
"Skálova 92, Turnov",15.1574601,50.5879483
"Sídliště Za Chlumem 822, Bílina",13.7862205,50.5532209
"Mohylová 1139/55, Plzeň",13.4186944,49.7546781
"J. Boreckého 1590, České Budějovice",14.4586254,48.9863509
"Vídeňská 100/117, Brno",16.6021921,49.1560988
"Brněnská 1825/23a, Hradec Králové",15.8489385,50.1970122
"Novinářská 3178/6b, Ostrava",18.2641651,49.8327313
"U Letiště 1074/2, Plzeň",13.3432728,49.7282433
"Radlická 233/1b, Praha",14.4011525,50.0721476
"U Slavie 1527/3, Praha",14.4693994,50.0681641
"Havířská 352/17, Ústí nad Labem",13.9745359,50.68988179999999
"Dornych 404/4, Brno",16.6129339,49.1895149
"Chrudichromská, Boskovice",16.6464869,49.49576769999999
"Hejnická 1136, Frýdlant",15.0805562,50.9203594
"Dobrovodská 2009/50a, České Budějovice",14.497051,48.9714038
"Krajinská 251/16, České Budějovice",14.4737655,48.9762164
"Na Račanech 28, Dolní Břežany",14.4574539,49.966128
"Hlavní 1114, Zubří",18.0917942,49.464045
"Luženská 2725/II, Rakovník",13.7357603,50.11064529999999
"nám. Soukenné 669/2a, Liberec",15.0562737,50.765612
"Makovského 1330/34, Praha",14.3009225,50.06605709999999
"Arbesovo nám. 275/8, Praha",14.4045114,50.0768071
"Osecká 1317, Duchcov",13.7403276,50.6110134
"Mělnická 395, Líbeznice",14.4936656,50.1932944
"1. máje 18, Mohelnice",16.9309191,49.7767209
"Havlíčkova, Kosmonosy",14.9395521,50.4804661
"Sokolovská 968/189, Praha",14.4881741,50.10691079999999
"Sportovců, Hostivice",14.2411993,50.0805033
"Brněnská 514/13c, Vyškov",16.9905856,49.272654
"Cimburkova 540/4, Brno",16.6093633,49.2181067
"Lidická 3341/137, Břeclav",16.9015065,48.7802725
"U Přehrady 4596/42a, Jablonec nad Nisou",15.1823336,50.7336801
"Revoluční 354, Krupka",13.8904095,50.6858949
"Kysucká 1829/14, Český Těšín",18.6148847,49.73242339999999
"Slezská 3505, Frýdek-Místek",18.3616244,49.6777564
"Rašínova třída 1669, Hradec Králové",15.8034181,50.1904591
"Americká 2777, Kladno",14.118966,50.1261852
"Veslařská 3430, Mělník",14.4907199,50.34613700000001
"Příborská 2270, Frýdek-Místek",18.3268838,49.6706019
"Soběslavská 3038, Tábor",14.6845451,49.3971166
"Veselská 663, Praha",14.5012747,50.1350535
"Prodloužená 807, Ostrava",18.2642519,49.7736966
"třída Svobody 836, Zlín",17.5833402,49.20528220000001
"Dr. E. Beneše, Česká Třebová",16.4409814,49.9101424
"Nádražní 42, Adamov",16.6504682,49.3009778
"Rožmitálova 1812/5, Blansko",16.6431566,49.3618514
"Nádražní 2318/4, Blansko",16.6498502,49.3532518
"ul. Komenského, Boskovice",16.6547007,49.4896956
"Českobratrská 150/2, Letovice",16.5751905,49.5470261
"J. Palacha 3197, Břeclav",16.8882019,48.7564804
"Hraniční 1257, Břeclav",16.8697488,48.74401719999999
"U dálnice 744, Brno - Modřice",16.6305589,49.136097
"náměstí 28. dubna 1069/2, Brno",16.5302746,49.2256355
"Dlouhá 576/1, Brno",16.5818967,49.1698981
"Ečerova 1148/2a, Brno",16.5264156,49.21617699999999
"Tkalcovská 869/1, Brno",16.6279023,49.200413
"Cornovova 2, Brno",16.6426254,49.1879442
"Libušina třída 581/6, Brno",16.5333479,49.1968726
"Libušina třída 5, Brno",16.5339852,49.1878609
"Kosmova 259/1, Brno",16.5926861,49.2281287
"Masarova 2428/9, Brno - Líšeň",16.6756744,49.20621329999999
"Mendlovo náměstí 686/15a, Brno",16.5934819,49.1895412
"Merhautova 1065/214, Brno - Černá Pole",16.6281066,49.2161345
"Nádražní 681/2, Brno",16.6127087,49.1917611
"Petra Křivky 1a, Brno",16.5593501,49.1759146
"Hrnčířská 573/6, Brno - Ponava",16.6010033,49.2102502
"náměstí Svobody 85/16, Brno",16.608264,49.1941447
"Halasovo náměstí 805/5, Brno - Lesná",16.6240071,49.2240506
"Jihomoravské náměstí 1098/1, Brno",16.6847595,49.1787307
"Kurská 625/9, Brno",16.5550035,49.1691513
"Stará Osada 3984/15, Brno - Židenice",16.6403728,49.2023878
"U pošty 12/401, Brno",16.5656903,49.1680195
"Ve Vaňkovce 462/1, Brno",16.6137428,49.1888514
"Veveří 287/40, Brno",16.5503847,49.18272890000001
"Pálavské náměstí 4102/1, Brno - Vinohrady",16.6610322,49.2063794
"Vondrákova 825/13, Brno",16.5280818,49.2218948
"Novolíšeňská 2805/15, Brno",16.6872027,49.2087667
"Nádražní 1156/9, Šlapanice",16.7267578,49.1657753
"nám. 1. května, Kuřim",16.5309667,49.2987208
"Nádražní, Tišnov",16.4205121,49.3457874
"Šluknovská 3080, Česká Lípa",14.5406477,50.70193339999999
"Bardějovská 3268, Česká Lípa",14.5476786,50.6882504
"Děčínská 3270, Česká Lípa",14.5248382,50.687586
"Nádražní 1702/57, České Budějovice",14.4861477,48.9785565
"M. Horákové 1364/2, České Budějovice",14.4400828,48.9830074
"Strakonická 1272, Česká Budějovice",14.4686624,48.9936941
"Suchovrbenské nám. 708/2, České Budějovice",14.5041482,48.9709543
"Pekárenská 1212/4, České Budějovice",14.4747796,48.9833922
"Omlenická 853, Kaplice",14.484002,48.73482540000001
"Evropská 175/32, Cheb",12.374708,50.0742656
"Dragounská 6/2529, Cheb",12.3677237,50.0715626
"Želivského 5050/2, Jablonec nad Nisou",15.1609321,50.7357271
"Na Vršku 4202/6, Jablonec nad Nisou",15.1593924,50.725511
"Romana Havelky 4857/3, Jihlava",15.5799638,49.4079101
"Brtnická 4030/7, Jihlava",15.594527,49.38932140000001
"Březinova 4248/62, Jihlava",15.6014085,49.4021863
"Hradební 1/5440, JIhlava",15.5877456,49.3933881
"Kollárova 2762/17, Jihlava",15.5923673,49.4134427
"Masarykovo náměstí 68, Jihlava",15.591042,49.3953792
"Revoluční 6/1206, Třešť",15.4828765,49.2902491
"Masarykova 187, Kutná Hora",15.2838766,49.9600777
"Žižkova 894, Pacov",15.0026755,49.47031519999999
"Gerská 2030/23, Plzeň",13.3686714,49.7787838
"Písecká 972/1, Plzeň",13.425847,49.70105969999999
"Gerská 2004/2, Plzeň",13.36602,49.7723543
"Koterovská 2390/47, Plzeň",13.3924548,49.7395218
"Lidická 854/35, Plzeň",13.3731073,49.7672317
"Radčická 2861/2, Plzeň",13.3695612,49.7496381
"Rokycanská 2656/2, Plzeň",13.4004336,49.7471474
"Karla Steinera 910/7, Plzeň",13.3290468,49.7435637
"Na Chmelnicích 128, Plzeň - Severní Předměstí",13.3476053,49.7635867
"Václavské nám. 812/59, Praha 1",14.4301539,50.0798785
"Rytířská 10, Praha 1",14.4219079,50.0845725
"Na Florenci 15, Praha 1",14.435551,50.0886699
"nám. Republiky 656/8, Praha 1",14.4277074,50.0890997
"Václavské nám. 21/831, Praha 1",14.4266202,50.0825052
"Na Můstku 16, Praha 1",14.4235192,50.0841793
"nám. Republiky 1078/1, Praha 1",14.4287219,50.0891861
"Vinohradská 2828/151, Praha 2",14.4614033,50.0781362
"Karlovo nám. 15, Praha 2",14.4191229,50.0768044
"Náměstí Míru 1356/8, Praha 2",14.4376439,50.0759929
"Vinohradská 1200/50, Praha 2",14.442348,50.0768806
"Ondříčkova 580/39, Praha 3",14.4556314,50.0820468
"Hradecká 2526/3, Praha 3",14.4633903,50.0772668
"Koněvova 2502/250, Praha 3",14.4971569,50.09152719999999
"Vinohradská 89/90, Praha 3",14.4539268,50.077301
"Roztylská 2321/9, Praha 4",14.4993689,50.024407
"Libušská 400, Praha 4",14.4543273,50.016863
"Na Pankráci 86, Praha 4",14.4391031,50.0511586
"Vyskočilova 181/4, Praha 4",14.454212,50.0478612
"Budějovická 1125/11, Praha 4",14.4469936,50.0466357
"Arkalycká 757/6, Praha 4",14.5292043,50.03169159999999
"Krejnická 2021/1, Praha 4",14.4822679,50.0327299
"Zdislavická 583, Praha 4",14.4446475,50.0172969
"Leopoldova 1683/23, Praha 4",14.5072485,50.0377685
"Mariánská 1000/14, Praha 4",14.4172547,50.0866587
"Želetavská 1525/1, Praha 4 - Michle",14.4532083,50.04901
"Vikova 1302/2, Praha 4",14.43755,50.0408735
"Novodvorská 434/149, Praha 4",14.4349524,50.0245837
"Papírníkova 627/2, Praha 4",14.4541905,50.0089591
"Rilská 3174/6, Praha 12",14.4280964,50.0086167
"Brandlova 1599, Praha 4",14.5149956,50.0323468
"Hlavní 2459/108, Praha 4",14.4871456,50.0467636
"Štúrova 1284/20, Praha 4",14.4517665,50.0263334
"Obchodní nám. 1590/4, Praha 4",14.4055864,50.0051409
"Radlická 520/117, Praha 5",14.3537456,50.0476058
"Högerova 1098/11, Praha 5",14.3758086,50.0319982
"nám. Osvoboditelů 1372, Praha 5",14.3580448,49.9843915
"Sluneční nám. 2567/8, Praha 5",14.3410267,50.05037249999999
"Mukařovského 1986/7, Praha 5",14.3211121,50.0450824
"Prusíkova 2577, Praha 5",14.3382794,50.0360858
"U Šalamounky 2/2664, Praha 5",14.3886123,50.0655841
"Elišky Přemyslovny 1269, Praha 5",14.3865087,49.9679321
"Plzeňská 344/1, Praha 5",14.4035371,50.0718291
"Řevnická 121/1, Praha 5",14.2875481,50.053295
"Fajtlova 1090/1, Praha 6",14.2904757,50.09349109999999
"ul.Čsl. Armády 826, Praha 6",14.4037543,50.1003438
"Matějská 2352/76, Praha 6",14.3797701,50.112696
"Makovského 1219/27, Praha 6",14.3014347,50.06538639999999
"Nebušická 491, Praha 6",14.3400659,50.1100613
"Makovského 1349/2a, Praha 6",14.3085797,50.0648554
"U průhonu 800/13, Praha 7",14.4511243,50.1052358
"Schnirchova 1447/15, Praha 7",14.4348726,50.10269900000001
"Zhořelecká 514, Praha 8",14.4099343,50.1313901
"K Ládví 344/4, Praha 8",14.4315543,50.1358618
"Molákova 578/614, Praha 8",14.4643843,50.0948449
"Křižíkova 213/44, Praha 8",14.4530903,50.0928482
"Střelničná 1660, Praha 8",14.4596667,50.125327
"Klapkova 3/26, Praha 8",14.4561227,50.1240813
"Mazurská 488, Praha 8",14.414486,50.1273176
"Trousilova 2/1031, Praha 8",14.4508591,50.12697319999999
"Sokolovská 394/17, Praha 8",14.4402918,50.09167249999999
"U Libeňského pivovaru 63/2, Praha 8",14.4753698,50.1070731
"Malešovská 1652, Praha 9",14.6804427,50.0722899
"Cíglerova 1139, Praha 9",14.5584794,50.1055751
"Breitcetlova 771/6, Praha 9",14.5745138,50.1055563
"Českomoravská 2420/15a, Praha 9",14.4906987,50.1042341
"Českobrodská 733, Praha 9",14.5637853,50.0868038
"Frýdecká 440, Praha 9",14.5082761,50.1385407
"Pod Harfou 938/933, Praha 9 - Vysočany",14.5098211,50.1037833
"Chodovická 2311/30, Praha 9",14.6173982,50.1121238
"Veronské nám. 403, Praha 10",14.5588646,50.0405922
"Topolová 2915/16, Praha 10",14.5070292,50.0575449
"Tuklatská 2104, Praha 10",14.4996631,50.0783827
"Švehlova 1391/32, Praha 10",14.5171881,50.0532812
"Goyova 2239/1, Praha 10",14.509188,50.06776079999999
"Bratislavská ul., Praha 10",14.5154435,50.04391649999999
"Nákupní 389/1, Praha 10",14.5421691,50.072593
"plukovníka Mráze 1182/24, Praha 10",14.543992,50.0503149
"V předpolí 21, Praha",14.4822638,50.0716365
"náměstí 5. května 1649, Čelákovice",14.749188,50.162819
"Obchodní 111, Říčany u Prahy",14.5765993,50.0022202
"Barákova 237/8, Říčany u Prahy",14.6590188,49.9985082
"Karlštejnská 1054, Černošice",14.3217009,49.959159
"Budějovická 371, Jesenice u Prahy",14.5091999,49.9698072
"nám. Svobody 32, Mníšek pod Brdy",14.2614075,49.8658872
"Tyršovo nám. 2218, Roztoky",14.3930636,50.1618424
"Vídeňská 178, Vestec",14.496993,49.9825279
"ul. Vrahovická, Prostějov",17.1347991,49.4766708
"Zborovská 2008, Hranice",17.7498254,49.5571011
"Třída 1. máje 1729, Hranice na Moravě",17.7349644,49.5538928
"Olomoucká, Kojetín",17.2966867,49.3593953
"Želátovská, Přerov",17.4710096,49.4503211
"Denisova 2907/11, Přerov",17.4506942,49.4458095
"Bayerova 646/3, Přerov",17.4553727,49.4538181
"Plzeňská 2572/2, Rakovník",13.7243357,50.0923183
"T. G. Masaryka 167, Lanškroun",16.6086155,49.911177
"Lochmanova 1440, Ústí nad Orlicí",16.3962063,49.97660450000001
"ul. Žižkova, Vysoké Mýto",16.1513839,49.94907360000001
"Velkomoravská 1652/18, Hodonín",17.118815,48.8512586
"Masarykovo nám. 257/16, Hodonín",17.1289824,48.8498361
"nám. Sítná 3106, Kladno",14.1016245,50.1362619
"Obránců Míru 2427, Kladno",14.1291741,50.1345068
"nám. Míru 101, Domažlice",12.9273555,49.4398413
"Dukelská 717/2, Jeseník",17.2029239,50.2268959
"Čs. armády 499, Bohumín",18.3472231,49.90639820000001
"Dlouhá třída 1161/97, Havířov",18.454147,49.7756515
"Gen. Svobody 59/5, Havířov",18.4142944,49.8006047
"Nádražní 4A/1939, Karviná",18.5301942,49.8570509
"Masarykova tř. 1333, Orlová",18.435318,49.8765955
"Masarykova třída 944, Orlová",18.435318,49.8765955
"6. května 47, Bystřice pod Hostýnem",17.6730348,49.3984065
"Tovární 511, Holešov",17.5737658,49.3286379
"Záhlinická 1059, Hulín",17.4729527,49.31320280000001
"Moravská 725, Chropyně",17.364023,49.3650753
"Oskol 3711/26, Kroměříž",17.4028871,49.2971885
"Kotojedská 545/17, Kroměříž",17.3994318,49.29386909999999
"Albertova 3304, Kroměříž",17.385627,49.2888654
"Soběslavská 3045, Tábor",14.6924255,49.3880349
"9. května 2886, Tábor",14.6716936,49.4129217
"Kpt. Jaroše 2392/92, Tábor",14.6488407,49.4192988
"Chýnovská 3049, Tábor",14.686798,49.4084468
"Svetlogorská 2767, Tábor",14.6855678,49.3903389
"Vítězná 173/1a, Litovel",17.0768257,49.7035578
"Olomoucká 90, Olomouc - Velký Týnec",17.3068612,49.55928120000001
"Foerstrova 716/19, Olomouc",17.2349396,49.5911215
"Janského 459/22, Olomouc",17.2424844,49.5782998
"tř. Kosmonautů 113/27, Olomouc",17.2741094,49.5917868
"Polská 1, Olomouc",17.2578996,49.5867421
"tř. Svobody 956/31, Olomouc",17.2492127,49.59314879999999
"Zikova 736/1, Olomouc",17.2554901,49.5770934
"Nádražní 2356/21, Šternberk",17.2908398,49.7232304
"Dukelská 1157, Uničov",17.1148546,49.7713985
"Kutnohorská 226, Hradec Králové",15.7806606,50.1990568
"třída Edvarda Beneše 1797/1d, Hradec Králové",15.8397288,50.1963987
"Fráni Šrámka 1512/1, Hradec Králové",15.8165162,50.2067734
"Svitavská 1814/2, Hradec Králové",15.8456494,50.1906281
"Milady Horákové 327/51, Hradec Králové",15.8468733,50.1854199
"Víta Nejedlého 1063, Hradec Králové",15.8526757,50.21220779999999
"Žižkova 515, Trutnov",15.8966319,50.562638
"Uhelná 1896/2, Děčín",14.197194,50.7701746
"Kamenická 232, Děčín",14.2402089,50.7847119
"Národní 3314, Varnsdorf",14.6283683,50.9067583
"Nádražní 1215, Vodňany",14.1738238,49.1437341
"Brodská 496, Příbram",13.9982458,49.6665365
"Čs. armády 142, Příbram",14.0059681,49.68652780000001
"ul. Školní, Příbram",13.9982266,49.673621
"Na Bělidlech 1059, Litomyšl",,
"U Tří mostů 844/2, Svitavy",16.4769986,49.75407149999999
"náměstí Míru 192/95, Svitavy",16.4663321,49.7561859
"Boženy Němcové 438, Okříšky",15.7682572,49.2457506
"Spojovací 1345, Střítež Třebíč",15.8900939,49.201839
"Kpt. Jaroše 1136, Třebíč",15.8858653,49.2236525
"Modřínová 694, Třebíč",15.8927167,49.2187288
"Znojemská 1383, Třebíč",15.8851089,49.2027935
"Polská 105, Náchod",16.1707066,50.3985193
"Bratří Čapků 1764, Náchod",16.1597806,50.4087065
"T.G.Masaryka 2001, Nové Město nad Metují",16.1474884,50.359409
"Na Průtahu 1856, Kadaň",13.2681164,50.38580150000001
"Strojírenská 3581, Havlíčkův Brod",15.6015726,49.6053552
"Nad řekou 618, Ždírec nad Doubravou",15.8099804,49.6923109
"Rudná 114/3114, Ostrava",18.2279728,49.8020182
"Jantarová 3344/4, Ostrava",18.2867159,49.8307049
"1. československého armádního sboru 1333, Ostrava Poruba",18.183179,49.83673160000001
"Aloise Gavlase 57/1, Ostrava Dubina",18.2535123,49.7760608
"Horní 283/87, Ostrava - Dubina",18.248044,49.7702994
"Dr. Martínka 1617/10, Ostrava Hrabůvka",18.2636459,49.7851332
"Nádražní 2855/147, Ostrava",18.2770589,49.8489533
"Ludvíka Podéště 1969/23, Ostrava Poruba",18.156578,49.84440009999999
"náměstí Václava Vacka 6043/23, Ostrava Pustkovec",18.1692883,49.8439536
"Předškolní 680/4, Ostrava",18.2220865,49.7814458
"30. dubna 2976/3a, Ostrava",18.2832414,49.8401954
"Tylova 2853/1, Ostrava Zábřeh",18.2428512,49.8012232
"Olomoucká 2844/115, Opava",17.8775859,49.9317092
"U Fortny 49/10, Opava",17.9007451,49.9409216
"Holasická 1154/2, Opava",17.9116182,49.9406526
"Masarykovo náměstí 45, Rožnov p. Radhoštěm",18.1419569,49.4574781
"Svazarmovská, Rožnov p. Radhoštěm",18.1287769,49.4646509
"Boženy Němcové 41, Valašské Meziříčí",17.9741083,49.4762108
"Zdeňka Fibicha 56, Valašské Meziříčí",17.9694441,49.463029
"Gen. Klapálka 300, Vsetín",18.0044497,49.3324647
"Smetanova, Vsetín",17.9962824,49.3355466
"Krušnohorská 3371/2, Ústí nad Labem",14.0366836,50.677825
"Seifertova 570, Ústí nad Labem",14.1056304,50.6727404
"Revoluční 2312/27, Krnov",17.6954236,50.0880584
"Jesenická 575/1, Vrbno pod Pradědem",17.3819476,50.1206204
"Komenského 530, Vlašim",14.8973244,49.7050373
"Svatopluka Čecha 1913, Kraslice",12.5023735,50.33253260000001
"Vřesová 2908/11, Šumperk",16.9690892,49.9574074
"Temenická 2860/42, Šumperk",16.9651183,49.9696276
"Dr. E. Beneše 2871/5, Šumperk",16.9754194,49.9639851
"Severovýchod 475/5, Zábřeh na Moravě",16.8795705,49.8847382
"Husovo nám. 66, Beroun",14.0744969,49.9643568
"Plzeňská 396, Králův Dvůr",14.0421381,49.9511419
"Zámecká 4, Tachov",12.6309383,49.7965036
"Riegrovo nám. 59, Semily",15.3340753,50.6027229
"Záhuní 340, Frenštát pod Radhoštěm",18.2108973,49.54587590000001
"Záhumenní 351/3b, Kopřivnice",18.1431492,49.5991124
"Suvorovova 2071/154, Nový Jičín",18.0321726,49.60679589999999
"Přemyslovců 1/2252, Nový Jičín",18.0097895,49.5997442
"Poděbradská 1037, Nymburk",15.0530333,50.1884011
"Na Valech 54, Poděbrady",15.1148135,50.1442306
"Srbická 464, Teplice",13.8637146,50.6610428
"ul. U Divadla, Teplice",13.8260065,50.64013680000001
"Třída Vítězství 841, Kunovice",17.4670382,49.0484816
"Východní 1352, Staré Město",17.4530311,49.0771719
"Štěpnická 1156, Uherské Hradiště",17.449265,49.0664095
"Velehradská třída 1206, Uherské Hradiště",17.4627886,49.070055
"Liberecká 642, Hrádek nad Nisou",14.8445584,50.85279209999999
"České mládeže 456/26, Liberec - Doubí",15.0548874,50.7447964
"Budyšínská 1400/1, Liberec",15.0614193,50.774532
"Dobiášova 1008, Liberec",15.0707925,50.7524484
"U Jandovky 2, Vyškov",16.9893822,49.2745042
"Na Hraničkách 589/34, Vyškov",16.9878028,49.2797574
"Nábřeží 463, Bílina",13.771719,50.5511974
"Radniční 3400, Most",13.6399778,50.5012584
"Topolová 1513, Most",13.648297,50.4960981
"Velebudická 3270, Most",13.6555222,50.4859562
"Neratovice28. října 919, Neratovice",14.5126047,50.2570826
"Jana Palacha 1229, Mladá Boleslav",14.9117337,50.4301998
"Jičínská 1350/3, Mladá Boleslav",14.9375299,50.4118544
"Jičínská 1349, Mladá Boleslav",14.9361678,50.4121289
"Na Radouči 1236, Mladá Boleslav",14.9097937,50.4361846
"Kapitána Jaroše 375/31, Karlovy Vary",12.8409924,50.2268558
"Horova 1223/1, Karlovy Vary",12.8699908,50.2315925
"nám. Karla IV. 1245, Nejdek",12.732587,50.3240262
"Jáchymova 838, Jindřichův Hradec",15.01557,49.1407308
"B. Němcové 960, Rokycany",13.5936391,49.7349699
"Písecké předměstí 1393, Milevsko",14.3634196,49.4414843
"U Hřebčince 2510, Písek",14.1650969,49.2967539
"17. listopadu 2262, Frýdek-Místek",18.3245577,49.6741678
"1. máje 155, Frýdek-Místek",18.3514496,49.6692487
"Hlavní třída 3274, Frýdek-Místek",18.3693965,49.6775418
"Stará cesta 91, Frýdek-Místek",18.3421052,49.67566919999999
"Hlavní 1485, Frýdlant nad Ostravicí",18.3576161,49.5929899
"Nádražní 40, Jablunkov",18.7654407,49.5770803
"Lidická 1269, Třinec",18.6763582,49.6698566
"Marie Majerové 2162/20, Litoměřice",14.1291814,50.5451078
"Želetická 2210/19, Litoměřice",14.1390588,50.5264974
"Osvoboditelů 2700, Louny",13.7993969,50.3554512
"nám. TGM 153, Holice v Čechách",15.9871806,50.0672894
"Palackého třída 2748, Pardubice",15.7527809,50.0342187
"Jana Zajíce 717, Pardubice",15.8050869,50.0439184
"Poděbradská 297, Pardubice",15.7630693,50.056359
"Plzeňská 263, Horažďovice",13.7010065,49.32069389999999
"5. května 689, Klatovy",13.2965031,49.3821303
"Hrádecká 31, Sušice",13.5211851,49.2382822
"T. G. MasarykaT.G.Masaryka 23, Sušice",,
"Slovenského národního povstání 1060, Chrudim",15.8104089,49.9489099
"Masarykova 200, Luhačovice",17.7556222,49.0994415
"Trávníky 2, Otrokovice",17.5464613,49.2006008
"Osvobození 54, Slavičín",17.8835701,49.0837855
"Masarykovo nám. 1069, Vizovice",17.8538119,49.2216
"Okružní 4701, Zlín",17.6596362,49.2331223
"Přímá 671, Zlín",17.6407214,49.22048720000001
"Třída Tomáše Bati 4074, Zlín",17.6799988,49.225511
"Znojemská 362, Moravský Krumlov",16.311698,49.0489313
"Vídeňská třída 684/69, Znojmo",16.0585687,48.8457067
"Brněnská 2937/21, Znojmo",16.0660108,48.84616920000001
"Masarykovo náměstí 8, Bystřice nad Pernštejnem",16.2596455,49.5242278
"Zahradní 164, Bystřice nad Pernštejnem",16.2604341,49.5260705
"Strojírenská 2244/34, Žďár nad Sázavou",15.9349855,49.5575457
"Horní 2233/6, Žďár nad Sázavou",15.9445578,49.5604068
